﻿# Host: localhost  (Version: 5.5.47)
# Date: 2016-11-07 23:17:04
# Generator: MySQL-Front 5.3  (Build 4.234)

/*!40101 SET NAMES utf8 */;

#
# Structure for table "ypwl_action"
#

DROP TABLE IF EXISTS `ypwl_action`;
CREATE TABLE `ypwl_action` (
  `id` int(11) unsigned NOT NULL AUTO_INCREMENT COMMENT '主键',
  `name` char(30) NOT NULL DEFAULT '' COMMENT '行为唯一标识',
  `title` char(80) NOT NULL DEFAULT '' COMMENT '行为说明',
  `remark` char(140) NOT NULL DEFAULT '' COMMENT '行为描述',
  `rule` text COMMENT '行为规则',
  `log` text COMMENT '日志规则',
  `type` tinyint(2) unsigned NOT NULL DEFAULT '1' COMMENT '类型',
  `status` tinyint(2) NOT NULL DEFAULT '0' COMMENT '状态',
  `update_time` int(11) unsigned NOT NULL DEFAULT '0' COMMENT '修改时间',
  PRIMARY KEY (`id`)
) ENGINE=MyISAM AUTO_INCREMENT=12 DEFAULT CHARSET=utf8 ROW_FORMAT=DYNAMIC COMMENT='系统行为表';

#
# Data for table "ypwl_action"
#

/*!40000 ALTER TABLE `ypwl_action` DISABLE KEYS */;
INSERT INTO `ypwl_action` VALUES (1,'user_login','用户登录','积分+10，每天一次','table:member|field:score|condition:uid={$self} AND status>-1|rule:score+10|cycle:24|max:1;','[user|get_nickname]在[time|time_format]登录了后台',1,1,1387181220),(2,'add_article','发布文章','积分+5，每天上限5次','table:member|field:score|condition:uid={$self}|rule:score+5|cycle:24|max:5','',2,0,1380173180),(3,'review','评论','评论积分+1，无限制','table:member|field:score|condition:uid={$self}|rule:score+1','',2,1,1383285646),(4,'add_document','发表文档','积分+10，每天上限5次','table:member|field:score|condition:uid={$self}|rule:score+10|cycle:24|max:5','[user|get_nickname]在[time|time_format]发表了一篇文章。\r\n表[model]，记录编号[record]。',2,0,1386139726),(5,'add_document_topic','发表讨论','积分+5，每天上限10次','table:member|field:score|condition:uid={$self}|rule:score+5|cycle:24|max:10','',2,0,1383285551),(6,'update_config','更新配置','新增或修改或删除配置','','',1,1,1383294988),(7,'update_model','更新模型','新增或修改模型','','',1,1,1383295057),(8,'update_attribute','更新属性','新增或更新或删除属性','','',1,1,1383295963),(9,'update_channel','更新导航','新增或修改或删除导航','','',1,1,1383296301),(10,'update_menu','更新菜单','新增或修改或删除菜单','','',1,1,1383296392),(11,'update_category','更新分类','新增或修改或删除分类','','',1,1,1383296765);
/*!40000 ALTER TABLE `ypwl_action` ENABLE KEYS */;

#
# Structure for table "ypwl_action_copy"
#

DROP TABLE IF EXISTS `ypwl_action_copy`;
CREATE TABLE `ypwl_action_copy` (
  `id` int(11) unsigned NOT NULL AUTO_INCREMENT COMMENT '主键',
  `name` char(30) NOT NULL DEFAULT '' COMMENT '行为唯一标识',
  `title` char(80) NOT NULL DEFAULT '' COMMENT '行为说明',
  `remark` char(140) NOT NULL DEFAULT '' COMMENT '行为描述',
  `rule` text COMMENT '行为规则',
  `log` text COMMENT '日志规则',
  `type` tinyint(2) unsigned NOT NULL DEFAULT '1' COMMENT '类型',
  `status` tinyint(2) NOT NULL DEFAULT '0' COMMENT '状态',
  `update_time` int(11) unsigned NOT NULL DEFAULT '0' COMMENT '修改时间',
  PRIMARY KEY (`id`)
) ENGINE=MyISAM AUTO_INCREMENT=12 DEFAULT CHARSET=utf8 ROW_FORMAT=DYNAMIC COMMENT='系统行为表';

#
# Data for table "ypwl_action_copy"
#

/*!40000 ALTER TABLE `ypwl_action_copy` DISABLE KEYS */;
INSERT INTO `ypwl_action_copy` VALUES (1,'user_login','用户登录','积分+10，每天一次','table:member|field:score|condition:uid={$self} AND status>-1|rule:score+10|cycle:24|max:1;','[user|get_nickname]在[time|time_format]登录了后台',1,1,1387181220),(2,'add_article','发布文章','积分+5，每天上限5次','table:member|field:score|condition:uid={$self}|rule:score+5|cycle:24|max:5','',2,0,1380173180),(3,'review','评论','评论积分+1，无限制','table:member|field:score|condition:uid={$self}|rule:score+1','',2,1,1383285646),(4,'add_document','发表文档','积分+10，每天上限5次','table:member|field:score|condition:uid={$self}|rule:score+10|cycle:24|max:5','[user|get_nickname]在[time|time_format]发表了一篇文章。\r\n表[model]，记录编号[record]。',2,0,1386139726),(5,'add_document_topic','发表讨论','积分+5，每天上限10次','table:member|field:score|condition:uid={$self}|rule:score+5|cycle:24|max:10','',2,0,1383285551),(6,'update_config','更新配置','新增或修改或删除配置','','',1,1,1383294988),(7,'update_model','更新模型','新增或修改模型','','',1,1,1383295057),(8,'update_attribute','更新属性','新增或更新或删除属性','','',1,1,1383295963),(9,'update_channel','更新导航','新增或修改或删除导航','','',1,1,1383296301),(10,'update_menu','更新菜单','新增或修改或删除菜单','','',1,1,1383296392),(11,'update_category','更新分类','新增或修改或删除分类','','',1,1,1383296765);
/*!40000 ALTER TABLE `ypwl_action_copy` ENABLE KEYS */;

#
# Structure for table "ypwl_action_log"
#

DROP TABLE IF EXISTS `ypwl_action_log`;
CREATE TABLE `ypwl_action_log` (
  `id` int(10) unsigned NOT NULL AUTO_INCREMENT COMMENT '主键',
  `action_id` int(10) unsigned NOT NULL DEFAULT '0' COMMENT '行为id',
  `user_id` int(10) unsigned NOT NULL DEFAULT '0' COMMENT '执行用户id',
  `action_ip` bigint(20) NOT NULL COMMENT '执行行为者ip',
  `model` varchar(50) NOT NULL DEFAULT '' COMMENT '触发行为的表',
  `record_id` int(10) unsigned NOT NULL DEFAULT '0' COMMENT '触发行为的数据id',
  `remark` varchar(255) NOT NULL DEFAULT '' COMMENT '日志备注',
  `status` tinyint(2) NOT NULL DEFAULT '1' COMMENT '状态',
  `create_time` int(10) unsigned NOT NULL DEFAULT '0' COMMENT '执行行为的时间',
  PRIMARY KEY (`id`),
  KEY `action_ip_ix` (`action_ip`),
  KEY `action_id_ix` (`action_id`),
  KEY `user_id_ix` (`user_id`)
) ENGINE=MyISAM AUTO_INCREMENT=115 DEFAULT CHARSET=utf8 ROW_FORMAT=FIXED COMMENT='行为日志表';

#
# Data for table "ypwl_action_log"
#

/*!40000 ALTER TABLE `ypwl_action_log` DISABLE KEYS */;
INSERT INTO `ypwl_action_log` VALUES (1,1,1,2130706433,'member',1,'admin在2016-10-24 14:36登录了后台',1,1477291011),(2,1,1,2130706433,'member',1,'admin在2016-10-24 16:57登录了后台',1,1477299478),(3,1,1,2130706433,'member',1,'admin在2016-10-24 23:46登录了后台',1,1477323969),(4,1,1,2130706433,'member',1,'admin在2016-10-25 15:03登录了后台',1,1477379022),(5,11,1,2130706433,'category',2,'操作url：/public/index.php/admin/category/edit.html',1,1477384562),(6,1,1,0,'member',1,'admin在2016-10-25 17:13登录了后台',1,1477386798),(7,1,1,0,'member',1,'admin在2016-10-25 22:37登录了后台',1,1477406234),(8,1,1,2130706433,'member',1,'admin在2016-10-25 22:38登录了后台',1,1477406330),(9,1,1,2130706433,'member',1,'admin在2016-10-25 23:12登录了后台',1,1477408335),(10,1,1,2130706433,'member',1,'admin在2016-10-25 23:13登录了后台',1,1477408390),(11,1,1,2130706433,'member',1,'admin在2016-10-25 23:13登录了后台',1,1477408422),(12,1,1,2130706433,'member',1,'admin在2016-10-26 13:44登录了后台',1,1477460692),(13,1,1,2130706433,'member',1,'admin在2016-10-27 12:34登录了后台',1,1477542872),(14,1,1,2130706433,'member',1,'admin在2016-10-29 00:02登录了后台',1,1477670521),(15,1,1,2130706433,'member',1,'admin在2016-10-29 12:12登录了后台',1,1477714331),(16,1,1,0,'member',1,'admin在2016-10-29 18:14登录了后台',1,1477736044),(17,1,1,2130706433,'member',1,'admin在2016-10-29 20:59登录了后台',1,1477745977),(18,7,1,2130706433,'model',4,'操作url：/index.php/admin/model/update.html',1,1477746056),(19,7,1,2130706433,'model',4,'操作url：/index.php/admin/model/update.html',1,1477746209),(20,8,1,2130706433,'attribute',33,'操作url：/index.php/admin/attribute/update.html',1,1477747223),(21,7,1,2130706433,'model',4,'操作url：/index.php/admin/model/update.html',1,1477747291),(22,7,1,2130706433,'model',4,'操作url：/index.php/admin/model/update.html',1,1477747392),(23,8,1,2130706433,'attribute',33,'操作url：/index.php/admin/attribute/update.html',1,1477749299),(24,8,1,2130706433,'attribute',35,'操作url：/index.php/admin/attribute/remove/id/35.html',1,1477750073),(25,8,1,2130706433,'attribute',41,'操作url：/index.php/admin/attribute/update.html',1,1477752659),(26,8,1,2130706433,'attribute',41,'操作url：/index.php/admin/attribute/update.html',1,1477752689),(27,8,1,2130706433,'attribute',41,'操作url：/index.php/admin/attribute/update.html',1,1477752715),(28,8,1,2130706433,'attribute',41,'操作url：/index.php/admin/attribute/update.html',1,1477752749),(29,8,1,2130706433,'attribute',41,'操作url：/index.php/admin/attribute/update.html',1,1477752773),(30,8,1,2130706433,'attribute',45,'操作url：/index.php/admin/attribute/update.html',1,1477752892),(31,8,1,2130706433,'attribute',45,'操作url：/index.php/admin/attribute/update.html',1,1477752941),(32,8,1,2130706433,'attribute',41,'操作url：/index.php/admin/attribute/update.html',1,1477753668),(33,8,1,2130706433,'attribute',41,'操作url：/index.php/admin/attribute/update.html',1,1477753839),(34,8,1,2130706433,'attribute',41,'操作url：/index.php/admin/attribute/update.html',1,1477753886),(35,8,1,2130706433,'attribute',41,'操作url：/index.php/admin/attribute/update.html',1,1477753913),(36,8,1,2130706433,'attribute',41,'操作url：/index.php/admin/attribute/update.html',1,1477753928),(37,8,1,2130706433,'attribute',41,'操作url：/index.php/admin/attribute/update.html',1,1477754032),(38,1,1,0,'member',1,'admin在2016-10-29 23:15登录了后台',1,1477754143),(39,8,1,0,'attribute',41,'操作url：/one/admin.php?s=/Attribute/update.html',1,1477754248),(40,8,1,0,'attribute',41,'操作url：/one/admin.php?s=/Attribute/update.html',1,1477754301),(41,8,1,0,'attribute',45,'操作url：/one/admin.php?s=/Attribute/update.html',1,1477754401),(42,8,1,2130706433,'attribute',45,'操作url：/index.php/admin/attribute/update.html',1,1477754437),(43,8,1,2130706433,'attribute',41,'操作url：/index.php/admin/attribute/update.html',1,1477754475),(44,8,1,2130706433,'attribute',45,'操作url：/index.php/admin/attribute/update.html',1,1477754485),(45,8,1,2130706433,'attribute',1,'操作url：/index.php/admin/model/generate.html',1,1477754601),(46,8,1,2130706433,'attribute',1,'操作url：/index.php/admin/model/generate.html',1,1477754601),(47,8,1,2130706433,'attribute',1,'操作url：/index.php/admin/model/generate.html',1,1477754601),(48,8,1,2130706433,'attribute',1,'操作url：/index.php/admin/model/generate.html',1,1477754601),(49,8,1,2130706433,'attribute',1,'操作url：/index.php/admin/model/generate.html',1,1477754601),(50,8,1,2130706433,'attribute',1,'操作url：/index.php/admin/model/generate.html',1,1477754601),(51,8,1,2130706433,'attribute',1,'操作url：/index.php/admin/model/generate.html',1,1477754601),(52,8,1,2130706433,'attribute',1,'操作url：/index.php/admin/model/generate.html',1,1477754601),(53,8,1,2130706433,'attribute',1,'操作url：/index.php/admin/model/generate.html',1,1477754696),(54,8,1,2130706433,'attribute',1,'操作url：/index.php/admin/model/generate.html',1,1477754696),(55,8,1,2130706433,'attribute',1,'操作url：/index.php/admin/model/generate.html',1,1477754696),(56,8,1,2130706433,'attribute',1,'操作url：/index.php/admin/model/generate.html',1,1477754696),(57,8,1,2130706433,'attribute',1,'操作url：/index.php/admin/model/generate.html',1,1477754697),(58,8,1,2130706433,'attribute',1,'操作url：/index.php/admin/model/generate.html',1,1477754697),(59,8,1,2130706433,'attribute',1,'操作url：/index.php/admin/model/generate.html',1,1477754697),(60,8,1,2130706433,'attribute',1,'操作url：/index.php/admin/model/generate.html',1,1477754697),(61,7,1,2130706433,'model',7,'操作url：/index.php/admin/model/update.html',1,1477755740),(62,8,1,2130706433,'attribute',63,'操作url：/index.php/admin/attribute/remove/id/63.html',1,1477755975),(63,8,1,2130706433,'attribute',65,'操作url：/index.php/admin/attribute/update.html',1,1477756595),(64,8,1,2130706433,'attribute',66,'操作url：/index.php/admin/attribute/update.html',1,1477756643),(65,8,1,2130706433,'attribute',68,'操作url：/index.php/admin/attribute/update.html',1,1477756836),(66,7,1,2130706433,'model',7,'操作url：/index.php/admin/model/update.html',1,1477757485),(67,7,1,2130706433,'model',7,'操作url：/index.php/admin/model/update.html',1,1477757518),(68,7,1,0,'model',7,'操作url：/one/admin.php?s=/Model/update.html',1,1477757525),(69,1,1,2130706433,'member',1,'admin在2016-10-30 09:26登录了后台',1,1477790807),(70,1,1,0,'member',1,'admin在2016-10-30 09:29登录了后台',1,1477790964),(71,10,1,2130706433,'Menu',1,'操作url：/index.php/admin/menu/edit.html',1,1477794322),(72,10,1,2130706433,'Menu',1,'操作url：/index.php/admin/menu/edit.html',1,1477794331),(73,1,1,2130706433,'member',1,'admin在2016-10-30 12:06登录了后台',1,1477800365),(74,8,1,2130706433,'attribute',24,'操作url：/index.php/admin/attribute/update.html',1,1477840316),(75,8,1,2130706433,'attribute',24,'操作url：/index.php/admin/attribute/update.html',1,1477845595),(76,1,1,2130706433,'member',1,'admin在2016-10-31 09:53登录了后台',1,1477878837),(77,7,1,2130706433,'model',7,'操作url：/index.php/admin/model/update.html',1,1477886315),(78,1,2,2130706433,'member',2,'admin2在2016-10-31 16:49登录了后台',1,1477903740),(79,1,1,2130706433,'member',1,'admin在2016-10-31 17:27登录了后台',1,1477906056),(80,1,1,2130706433,'member',1,'admin在2016-11-01 20:43登录了后台',1,1478004234),(81,1,2,2130706433,'member',2,'admin2在2016-11-03 08:38登录了后台',1,1478133481),(82,1,2,2130706433,'member',2,'admin2在2016-11-03 08:38登录了后台',1,1478133516),(83,1,2,2130706433,'member',2,'admin2在2016-11-03 08:40登录了后台',1,1478133647),(84,1,2,2130706433,'member',2,'admin2在2016-11-03 09:03登录了后台',1,1478134989),(85,1,1,2130706433,'member',1,'admin在2016-11-03 09:20登录了后台',1,1478136012),(86,1,1,2130706433,'member',1,'admin在2016-11-03 09:20登录了后台',1,1478136034),(87,1,2,2130706433,'member',2,'admin2在2016-11-03 09:24登录了后台',1,1478136298),(88,1,1,2130706433,'member',1,'admin在2016-11-03 09:33登录了后台',1,1478136797),(89,1,1,2130706433,'member',1,'admin在2016-11-03 09:34登录了后台',1,1478136850),(90,1,1,2130706433,'member',1,'admin在2016-11-03 09:34登录了后台',1,1478136863),(91,1,2,2130706433,'member',2,'admin2在2016-11-03 09:34登录了后台',1,1478136880),(92,1,2,2130706433,'member',2,'admin2在2016-11-03 09:39登录了后台',1,1478137178),(93,1,2,2130706433,'member',2,'admin2在2016-11-03 09:40登录了后台',1,1478137202),(94,1,2,2130706433,'member',2,'admin2在2016-11-03 09:55登录了后台',1,1478138155),(95,1,2,2130706433,'member',2,'admin2在2016-11-03 09:57登录了后台',1,1478138277),(96,1,2,2130706433,'member',2,'admin2在2016-11-03 09:58登录了后台',1,1478138303),(97,1,4,2130706433,'member',4,'ming123在2016-11-03 10:29登录了后台',1,1478140170),(98,1,1,0,'member',1,'admin在2016-11-03 12:24登录了后台',1,1478147090),(99,1,1,2130706433,'member',1,'admin在2016-11-03 21:44登录了后台',1,1478180660),(100,1,2,2130706433,'member',2,'admin2在2016-11-03 22:05登录了后台',1,1478181944),(101,1,2,2130706433,'member',2,'admin2在2016-11-04 20:20登录了后台',1,1478262020),(102,1,2,2130706433,'member',2,'admin2在2016-11-04 21:20登录了后台',1,1478265656),(103,1,1,2130706433,'member',1,'admin在2016-11-04 21:43登录了后台',1,1478267021),(104,1,1,2130706433,'member',1,'admin在2016-11-05 09:27登录了后台',1,1478309233),(105,1,2,2130706433,'member',2,'admin2在2016-11-05 11:52登录了后台',1,1478317944),(106,1,1,0,'member',1,'admin在2016-11-05 22:28登录了后台',1,1478356082),(107,1,2,2130706433,'member',2,'admin2在2016-11-06 09:30登录了后台',1,1478395803),(108,1,2,2130706433,'member',2,'admin2在2016-11-06 19:00登录了后台',1,1478430005),(109,1,1,2130706433,'member',1,'admin在2016-11-06 19:00登录了后台',1,1478430049),(110,1,1,2130706433,'member',1,'admin在2016-11-06 23:37登录了后台',1,1478446620),(111,1,1,0,'member',1,'admin在2016-11-06 23:56登录了后台',1,1478447803),(112,1,1,2130706433,'member',1,'admin在2016-11-07 20:25登录了后台',1,1478521533),(113,6,1,2130706433,'config',38,'操作url：/admin/config/edit.html',1,1478522311),(114,6,1,2130706433,'config',38,'操作url：/admin/config/edit.html',1,1478522395);
/*!40000 ALTER TABLE `ypwl_action_log` ENABLE KEYS */;

#
# Structure for table "ypwl_addons"
#

DROP TABLE IF EXISTS `ypwl_addons`;
CREATE TABLE `ypwl_addons` (
  `id` int(10) unsigned NOT NULL AUTO_INCREMENT COMMENT '主键',
  `name` varchar(40) NOT NULL COMMENT '插件名或标识',
  `title` varchar(20) NOT NULL DEFAULT '' COMMENT '中文名',
  `description` text COMMENT '插件描述',
  `status` tinyint(1) NOT NULL DEFAULT '1' COMMENT '状态',
  `config` text COMMENT '配置',
  `author` varchar(40) DEFAULT '' COMMENT '作者',
  `version` varchar(20) DEFAULT '' COMMENT '版本号',
  `create_time` int(10) unsigned NOT NULL DEFAULT '0' COMMENT '安装时间',
  `has_adminlist` tinyint(1) unsigned NOT NULL DEFAULT '0' COMMENT '是否有后台列表',
  PRIMARY KEY (`id`)
) ENGINE=MyISAM AUTO_INCREMENT=47 DEFAULT CHARSET=utf8 COMMENT='插件表';

#
# Data for table "ypwl_addons"
#

/*!40000 ALTER TABLE `ypwl_addons` DISABLE KEYS */;
INSERT INTO `ypwl_addons` VALUES (34,'Example','示列','这是一个临时描述',1,'{\"random\":\"1\"}','无名','0.1',1478356130,1),(35,'Example','示列','这是一个临时描述',1,'{\"random\":\"1\"}','无名','0.1',1478356162,1),(38,'digg','Digg插件','网上通用的文章顶一下，踩一下插件（不支持后台作弊修改数据）。',1,'{\"good_tip\":\"\\u8fd9\\u6587\\u7ae0\\u4e0d\\u9519\",\"bad_tip\":\"\\u8fd9\\u6587\\u7ae0\\u5f88\\u5dee\",\"stop_repeat_tip\":\"\\u60a8\\u5df2\\u7ecf\\u6295\\u8fc7\\u7968\\u4e86\\uff0c\\u611f\\u8c22\\u60a8\\u7684\\u53c2\\u4e0e\\uff01\",\"post_sucess_tip\":\"\\u6295\\u7968\\u6210\\u529f\\uff01\",\"post_error_tip\":\"\\u5b32\\u4f60\\u7684,\\u56e7^__^,\\u4e0d\\u662f\\u521a\\u521a\\u9876\\u8fc7\\u5417\\uff01\\uff01\"}','thinkphp','0.3',1478440525,0),(39,'editor','前台编辑器','用于增强整站长文本的输入和显示',1,'{\"editor_type\":\"1\",\"editor_wysiwyg\":1,\"editor_height\":\"300px\",\"editor_resize_type\":\"1\"}','thinkphp','0.1',1478444756,0),(40,'devteam','开发团队信息','开发团队成员信息',1,'{\"title\":\"TwoThink\\u5f00\\u53d1\\u56e2\\u961f\",\"width\":\"2\",\"display\":\"1\"}','thinkphp','0.1',1478444759,0),(41,'editorforadmin','后台编辑器','用于增强整站长文本的输入和显示',1,'{\"editor_type\":\"2\",\"editor_wysiwyg\":\"2\",\"editor_markdownpreview\":\"1\",\"editor_height\":\"500px\",\"editor_resize_type\":\"1\"}','thinkphp','0.2',1478523762,0),(43,'systeminfo','系统环境信息','用于显示一些服务器的信息',1,'{\"title\":\"\\u7cfb\\u7edf\\u4fe1\\u606f\",\"width\":\"2\",\"display\":\"1\"}','thinkphp','0.1',1478523796,0),(45,'sitestat','站点统计信息','统计站点的基础信息',1,'{\"title\":\"\\u7cfb\\u7edf\\u4fe1\\u606f\",\"width\":\"2\",\"display\":\"1\"}','thinkphp','0.1',1478523840,0),(46,'socialcomment','通用社交化评论','集成了各种社交化评论插件，轻松集成到系统中。',1,'{\"comment_type\":\"1\",\"comment_uid_youyan\":\"2118746\",\"comment_short_name_duoshuo\":\"twothink.cn\",\"comment_form_pos_duoshuo\":\"buttom\",\"comment_data_list_duoshuo\":\"10\",\"comment_data_order_duoshuo\":\"asc\"}','thinkphp','0.1',1478523917,0);
/*!40000 ALTER TABLE `ypwl_addons` ENABLE KEYS */;

#
# Structure for table "ypwl_attachment"
#

DROP TABLE IF EXISTS `ypwl_attachment`;
CREATE TABLE `ypwl_attachment` (
  `id` int(10) unsigned NOT NULL AUTO_INCREMENT,
  `uid` int(10) unsigned NOT NULL DEFAULT '0' COMMENT '用户ID',
  `title` char(30) NOT NULL DEFAULT '' COMMENT '附件显示名',
  `type` tinyint(3) unsigned NOT NULL DEFAULT '0' COMMENT '附件类型',
  `source` int(10) unsigned NOT NULL DEFAULT '0' COMMENT '资源ID',
  `record_id` int(10) unsigned NOT NULL DEFAULT '0' COMMENT '关联记录ID',
  `download` int(10) unsigned NOT NULL DEFAULT '0' COMMENT '下载次数',
  `size` bigint(20) unsigned NOT NULL DEFAULT '0' COMMENT '附件大小',
  `dir` int(12) unsigned NOT NULL DEFAULT '0' COMMENT '上级目录ID',
  `sort` int(8) unsigned NOT NULL DEFAULT '0' COMMENT '排序',
  `create_time` int(10) unsigned NOT NULL DEFAULT '0' COMMENT '创建时间',
  `update_time` int(11) unsigned NOT NULL DEFAULT '0' COMMENT '更新时间',
  `status` tinyint(1) NOT NULL DEFAULT '0' COMMENT '状态',
  PRIMARY KEY (`id`),
  KEY `idx_record_status` (`record_id`,`status`)
) ENGINE=MyISAM DEFAULT CHARSET=utf8 COMMENT='附件表';

#
# Data for table "ypwl_attachment"
#

/*!40000 ALTER TABLE `ypwl_attachment` DISABLE KEYS */;
/*!40000 ALTER TABLE `ypwl_attachment` ENABLE KEYS */;

#
# Structure for table "ypwl_attribute"
#

DROP TABLE IF EXISTS `ypwl_attribute`;
CREATE TABLE `ypwl_attribute` (
  `id` int(10) unsigned NOT NULL AUTO_INCREMENT,
  `name` varchar(30) NOT NULL DEFAULT '' COMMENT '字段名',
  `title` varchar(100) NOT NULL DEFAULT '' COMMENT '字段注释',
  `field` varchar(100) NOT NULL DEFAULT '' COMMENT '字段定义',
  `type` varchar(20) NOT NULL DEFAULT '' COMMENT '数据类型',
  `value` varchar(100) NOT NULL DEFAULT '' COMMENT '字段默认值',
  `remark` varchar(100) NOT NULL DEFAULT '' COMMENT '备注',
  `is_show` tinyint(1) unsigned NOT NULL DEFAULT '1' COMMENT '是否显示',
  `extra` varchar(255) NOT NULL DEFAULT '' COMMENT '参数',
  `model_id` int(10) unsigned NOT NULL DEFAULT '0' COMMENT '模型id',
  `is_must` tinyint(1) unsigned NOT NULL DEFAULT '0' COMMENT '是否必填',
  `status` tinyint(2) NOT NULL DEFAULT '0' COMMENT '状态',
  `update_time` int(11) unsigned NOT NULL DEFAULT '0' COMMENT '更新时间',
  `create_time` int(11) unsigned NOT NULL DEFAULT '0' COMMENT '创建时间',
  `validate_rule` varchar(255) NOT NULL DEFAULT '',
  `validate_time` tinyint(1) unsigned NOT NULL DEFAULT '0',
  `error_info` varchar(100) NOT NULL DEFAULT '',
  `validate_type` varchar(25) NOT NULL DEFAULT '',
  `auto_rule` varchar(100) NOT NULL DEFAULT '',
  `auto_time` tinyint(1) unsigned NOT NULL DEFAULT '0',
  `auto_type` varchar(25) NOT NULL DEFAULT '',
  PRIMARY KEY (`id`),
  KEY `model_id` (`model_id`)
) ENGINE=MyISAM AUTO_INCREMENT=69 DEFAULT CHARSET=utf8 COMMENT='模型属性表';

#
# Data for table "ypwl_attribute"
#

/*!40000 ALTER TABLE `ypwl_attribute` DISABLE KEYS */;
INSERT INTO `ypwl_attribute` VALUES (1,'uid','用户ID','int(10) unsigned NOT NULL ','num','0','',0,'',1,0,1,1384508362,1383891233,'',0,'','','',0,''),(2,'name','标识','char(40) NOT NULL ','string','','同一根节点下标识不重复',1,'',1,0,1,1383894743,1383891233,'',0,'','','',0,''),(3,'title','标题','char(80) NOT NULL ','string','','文档标题',1,'',1,0,1,1383894778,1383891233,'',0,'','','',0,''),(4,'category_id','所属分类','int(10) unsigned NOT NULL ','string','','',0,'',1,0,1,1384508336,1383891233,'',0,'','','',0,''),(5,'description','描述','char(140) NOT NULL ','textarea','','',1,'',1,0,1,1383894927,1383891233,'',0,'','','',0,''),(6,'root','根节点','int(10) unsigned NOT NULL ','num','0','该文档的顶级文档编号',0,'',1,0,1,1384508323,1383891233,'',0,'','','',0,''),(7,'pid','所属ID','int(10) unsigned NOT NULL ','num','0','父文档编号',0,'',1,0,1,1384508543,1383891233,'',0,'','','',0,''),(8,'model_id','内容模型ID','tinyint(3) unsigned NOT NULL ','num','0','该文档所对应的模型',0,'',1,0,1,1384508350,1383891233,'',0,'','','',0,''),(9,'type','内容类型','tinyint(3) unsigned NOT NULL ','select','2','',1,'1:目录\r\n2:主题\r\n3:段落',1,0,1,1384511157,1383891233,'',0,'','','',0,''),(10,'position','推荐位','smallint(5) unsigned NOT NULL ','checkbox','0','多个推荐则将其推荐值相加',1,'[DOCUMENT_POSITION]',1,0,1,1383895640,1383891233,'',0,'','','',0,''),(11,'link_id','外链','int(10) unsigned NOT NULL ','num','0','0-非外链，大于0-外链ID,需要函数进行链接与编号的转换',1,'',1,0,1,1383895757,1383891233,'',0,'','','',0,''),(12,'cover_id','封面','int(10) unsigned NOT NULL ','picture','0','0-无封面，大于0-封面图片ID，需要函数处理',1,'',1,0,1,1384147827,1383891233,'',0,'','','',0,''),(13,'display','可见性','tinyint(3) unsigned NOT NULL ','radio','1','',1,'0:不可见\r\n1:所有人可见',1,0,1,1386662271,1383891233,'',0,'','regex','',0,'function'),(14,'deadline','截至时间','int(10) unsigned NOT NULL ','datetime','0','0-永久有效',1,'',1,0,1,1387163248,1383891233,'',0,'','regex','',0,'function'),(15,'attach','附件数量','tinyint(3) unsigned NOT NULL ','num','0','',0,'',1,0,1,1387260355,1383891233,'',0,'','regex','',0,'function'),(16,'view','浏览量','int(10) unsigned NOT NULL ','num','0','',1,'',1,0,1,1383895835,1383891233,'',0,'','','',0,''),(17,'comment','评论数','int(10) unsigned NOT NULL ','num','0','',1,'',1,0,1,1383895846,1383891233,'',0,'','','',0,''),(18,'extend','扩展统计字段','int(10) unsigned NOT NULL ','num','0','根据需求自行使用',0,'',1,0,1,1384508264,1383891233,'',0,'','','',0,''),(19,'level','优先级','int(10) unsigned NOT NULL ','num','0','越高排序越靠前',1,'',1,0,1,1383895894,1383891233,'',0,'','','',0,''),(20,'create_time','创建时间','int(10) unsigned NOT NULL ','datetime','0','',1,'',1,0,1,1383895903,1383891233,'',0,'','','',0,''),(21,'update_time','更新时间','int(10) unsigned NOT NULL ','datetime','0','',0,'',1,0,1,1384508277,1383891233,'',0,'','','',0,''),(22,'status','数据状态','tinyint(4) NOT NULL ','radio','0','',0,'-1:删除\r\n0:禁用\r\n1:正常\r\n2:待审核\r\n3:草稿',1,0,1,1384508496,1383891233,'',0,'','','',0,''),(23,'parse','内容解析类型','tinyint(3) unsigned NOT NULL ','select','0','',0,'0:html\r\n1:ubb\r\n2:markdown',2,0,1,1384511049,1383891243,'',0,'','','',0,''),(24,'content','文章内容','text NOT NULL ','editor','','',1,'',2,0,1,1477845595,1383891243,'',3,'','regex','',0,'function'),(25,'template','详情页显示模板','varchar(100) NOT NULL ','string','','参照display方法参数的定义',1,'',2,0,1,1383896190,1383891243,'',0,'','','',0,''),(26,'bookmark','收藏数','int(10) unsigned NOT NULL ','num','0','',1,'',2,0,1,1383896103,1383891243,'',0,'','','',0,''),(27,'parse','内容解析类型','tinyint(3) unsigned NOT NULL ','select','0','',0,'0:html\r\n1:ubb\r\n2:markdown',3,0,1,1387260461,1383891252,'',0,'','regex','',0,'function'),(28,'content','下载详细描述','text NOT NULL ','editor','','',1,'',3,0,1,1383896438,1383891252,'',0,'','','',0,''),(29,'template','详情页显示模板','varchar(100) NOT NULL ','string','','',1,'',3,0,1,1383896429,1383891252,'',0,'','','',0,''),(30,'file_id','文件ID','int(10) unsigned NOT NULL ','file','0','需要函数处理',1,'',3,0,1,1383896415,1383891252,'',0,'','','',0,''),(31,'download','下载次数','int(10) unsigned NOT NULL ','num','0','',1,'',3,0,1,1383896380,1383891252,'',0,'','','',0,''),(32,'size','文件大小','bigint(20) unsigned NOT NULL ','num','0','单位bit',1,'',3,0,1,1383896371,1383891252,'',0,'','','',0,''),(64,'dd','dd','varchar(255) NOT NULL','string','','',1,'',7,0,0,0,0,'',3,'','regex','',3,'function'),(65,'dds','ddd','varchar(255) NOT NULL','string','1','',1,'',7,0,0,1477756595,0,'',3,'','regex','',3,'function'),(66,'dddds','dd','varchar(255) NOT NULL','string','1','',1,'',7,0,0,1477756643,0,'',3,'','regex','',3,'function'),(67,'sadffa','sadfa','int(10) UNSIGNED NOT NULL','num','sd','',1,'',7,0,0,0,0,'',3,'','regex','',3,'function'),(68,'sfsa','asfda','varchar(255) NOT NULL','string','1','',1,'',7,0,0,1477756836,0,'',3,'','regex','',3,'function');
/*!40000 ALTER TABLE `ypwl_attribute` ENABLE KEYS */;

#
# Structure for table "ypwl_auth_extend"
#

DROP TABLE IF EXISTS `ypwl_auth_extend`;
CREATE TABLE `ypwl_auth_extend` (
  `group_id` mediumint(10) unsigned NOT NULL COMMENT '用户id',
  `extend_id` mediumint(8) unsigned NOT NULL COMMENT '扩展表中数据的id',
  `type` tinyint(1) unsigned NOT NULL COMMENT '扩展类型标识 1:栏目分类权限;2:模型权限',
  UNIQUE KEY `group_extend_type` (`group_id`,`extend_id`,`type`),
  KEY `uid` (`group_id`),
  KEY `group_id` (`extend_id`)
) ENGINE=MyISAM DEFAULT CHARSET=utf8 COMMENT='用户组与分类的对应关系表';

#
# Data for table "ypwl_auth_extend"
#

/*!40000 ALTER TABLE `ypwl_auth_extend` DISABLE KEYS */;
INSERT INTO `ypwl_auth_extend` VALUES (1,1,1),(1,1,2),(1,2,2),(1,3,2),(2,1,1);
/*!40000 ALTER TABLE `ypwl_auth_extend` ENABLE KEYS */;

#
# Structure for table "ypwl_auth_group"
#

DROP TABLE IF EXISTS `ypwl_auth_group`;
CREATE TABLE `ypwl_auth_group` (
  `id` mediumint(8) unsigned NOT NULL AUTO_INCREMENT COMMENT '用户组id,自增主键',
  `module` varchar(20) NOT NULL DEFAULT '' COMMENT '用户组所属模块',
  `type` tinyint(4) NOT NULL DEFAULT '0' COMMENT '组类型',
  `title` char(20) NOT NULL DEFAULT '' COMMENT '用户组中文名称',
  `description` varchar(80) NOT NULL DEFAULT '' COMMENT '描述信息',
  `status` tinyint(1) NOT NULL DEFAULT '1' COMMENT '用户组状态：为1正常，为0禁用,-1为删除',
  `rules` varchar(500) NOT NULL DEFAULT '' COMMENT '用户组拥有的规则id，多个规则 , 隔开',
  PRIMARY KEY (`id`)
) ENGINE=MyISAM AUTO_INCREMENT=3 DEFAULT CHARSET=utf8;

#
# Data for table "ypwl_auth_group"
#

/*!40000 ALTER TABLE `ypwl_auth_group` DISABLE KEYS */;
INSERT INTO `ypwl_auth_group` VALUES (1,'admin',1,'默认用户组','',1,'1,2,7,8,9,10,11,12,13,14,15,16,17,18,19,20,21,22,23,24,25,26,27,28,29,30,31,32,33,34,35,36,37,38,39,40,41,42,43,44,45,46,47,48,49,50,51,52,53,54,55,56,57,58,59,60,61,62,63,64,65,66,67,68,69,70,71,72,73,74,79,80,81,82,83,84,86,87,88,89,90,91,92,93,94,95,100,102,103'),(2,'admin',1,'测试用户','测试用户',1,'1,2,7,8,9,10,11,12,13,14,15,16,17,18,26,79,88,195');
/*!40000 ALTER TABLE `ypwl_auth_group` ENABLE KEYS */;

#
# Structure for table "ypwl_auth_group_access"
#

DROP TABLE IF EXISTS `ypwl_auth_group_access`;
CREATE TABLE `ypwl_auth_group_access` (
  `uid` int(10) unsigned NOT NULL COMMENT '用户id',
  `group_id` mediumint(8) unsigned NOT NULL COMMENT '用户组id',
  UNIQUE KEY `uid_group_id` (`uid`,`group_id`),
  KEY `uid` (`uid`),
  KEY `group_id` (`group_id`)
) ENGINE=MyISAM DEFAULT CHARSET=utf8;

#
# Data for table "ypwl_auth_group_access"
#

/*!40000 ALTER TABLE `ypwl_auth_group_access` DISABLE KEYS */;
INSERT INTO `ypwl_auth_group_access` VALUES (2,1);
/*!40000 ALTER TABLE `ypwl_auth_group_access` ENABLE KEYS */;

#
# Structure for table "ypwl_auth_rule"
#

DROP TABLE IF EXISTS `ypwl_auth_rule`;
CREATE TABLE `ypwl_auth_rule` (
  `id` mediumint(8) unsigned NOT NULL AUTO_INCREMENT COMMENT '规则id,自增主键',
  `module` varchar(20) NOT NULL COMMENT '规则所属module',
  `type` tinyint(2) NOT NULL DEFAULT '1' COMMENT '1-url;2-主菜单',
  `name` char(80) NOT NULL DEFAULT '' COMMENT '规则唯一英文标识',
  `title` char(20) NOT NULL DEFAULT '' COMMENT '规则中文描述',
  `status` tinyint(1) NOT NULL DEFAULT '1' COMMENT '是否有效(0:无效,1:有效)',
  `condition` varchar(300) NOT NULL DEFAULT '' COMMENT '规则附加条件',
  PRIMARY KEY (`id`),
  KEY `module` (`module`,`status`,`type`)
) ENGINE=MyISAM AUTO_INCREMENT=219 DEFAULT CHARSET=utf8;

#
# Data for table "ypwl_auth_rule"
#

/*!40000 ALTER TABLE `ypwl_auth_rule` DISABLE KEYS */;
INSERT INTO `ypwl_auth_rule` VALUES (1,'admin',2,'admin/Index/index','首页',1,''),(2,'admin',2,'admin/Article/index','内容',1,''),(3,'admin',2,'admin/User/index','用户',1,''),(4,'admin',2,'admin/Addons/index','扩展',1,''),(5,'admin',2,'admin/Config/group','系统',1,''),(7,'admin',1,'admin/article/add','新增',1,''),(8,'admin',1,'admin/article/edit','编辑',1,''),(9,'admin',1,'admin/article/setStatus','改变状态',1,''),(10,'admin',1,'admin/article/update','保存',1,''),(11,'admin',1,'admin/article/autoSave','保存草稿',1,''),(12,'admin',1,'admin/article/move','移动',1,''),(13,'admin',1,'admin/article/copy','复制',1,''),(14,'admin',1,'admin/article/paste','粘贴',1,''),(15,'admin',1,'admin/article/permit','还原',1,''),(16,'admin',1,'admin/article/clear','清空',1,''),(17,'admin',1,'admin/Article/examine','审核列表',1,''),(18,'admin',1,'admin/article/recycle','回收站',1,''),(19,'admin',1,'admin/User/addaction','新增用户行为',1,''),(20,'admin',1,'admin/User/editaction','编辑用户行为',1,''),(21,'admin',1,'admin/User/saveAction','保存用户行为',1,''),(22,'admin',1,'admin/User/setStatus','变更行为状态',1,''),(23,'admin',1,'admin/User/changeStatus?method=forbidUser','禁用会员',1,''),(24,'admin',1,'admin/User/changeStatus?method=resumeUser','启用会员',1,''),(25,'admin',1,'admin/User/changeStatus?method=deleteUser','删除会员',1,''),(26,'admin',1,'admin/User/index','用户信息',1,''),(27,'admin',1,'admin/User/action','用户行为',1,''),(28,'admin',1,'admin/AuthManager/changeStatus?method=deleteGroup','删除',1,''),(29,'admin',1,'admin/AuthManager/changeStatus?method=forbidGroup','禁用',1,''),(30,'admin',1,'admin/AuthManager/changeStatus?method=resumeGroup','恢复',1,''),(31,'admin',1,'admin/AuthManager/createGroup','新增',1,''),(32,'admin',1,'admin/AuthManager/editGroup','编辑',1,''),(33,'admin',1,'admin/AuthManager/writeGroup','保存用户组',1,''),(34,'admin',1,'admin/AuthManager/group','授权',1,''),(35,'admin',1,'admin/AuthManager/access','访问授权',1,''),(36,'admin',1,'admin/AuthManager/user','成员授权',1,''),(37,'admin',1,'admin/AuthManager/removeFromGroup','解除授权',1,''),(38,'admin',1,'admin/AuthManager/addToGroup','保存成员授权',1,''),(39,'admin',1,'admin/AuthManager/category','分类授权',1,''),(40,'admin',1,'admin/AuthManager/addToCategory','保存分类授权',1,''),(41,'admin',1,'admin/AuthManager/index','权限管理',1,''),(42,'admin',1,'admin/Addons/create','创建',1,''),(43,'admin',1,'admin/Addons/checkForm','检测创建',1,''),(44,'admin',1,'admin/Addons/preview','预览',1,''),(45,'admin',1,'admin/Addons/build','快速生成插件',1,''),(46,'admin',1,'admin/Addons/config','设置',1,''),(47,'admin',1,'admin/Addons/disable','禁用',1,''),(48,'admin',1,'admin/Addons/enable','启用',1,''),(49,'admin',1,'admin/Addons/install','安装',1,''),(50,'admin',1,'admin/Addons/uninstall','卸载',1,''),(51,'admin',1,'admin/Addons/saveconfig','更新配置',1,''),(52,'admin',1,'admin/Addons/adminList','插件后台列表',1,''),(53,'admin',1,'admin/Addons/execute','URL方式访问插件',1,''),(54,'admin',1,'admin/Addons/index','插件管理',1,''),(55,'admin',1,'admin/Addons/hooks','钩子管理',1,''),(56,'admin',1,'admin/model/add','新增',1,''),(57,'admin',1,'admin/model/edit','编辑',1,''),(58,'admin',1,'admin/model/setStatus','改变状态',1,''),(59,'admin',1,'admin/model/update','保存数据',1,''),(60,'admin',1,'admin/Model/index','模型管理',1,''),(61,'admin',1,'admin/Config/edit','编辑',1,''),(62,'admin',1,'admin/Config/del','删除',1,''),(63,'admin',1,'admin/Config/add','新增',1,''),(64,'admin',1,'admin/Config/save','保存',1,''),(65,'admin',1,'admin/Config/group','网站设置',1,''),(66,'admin',1,'admin/Config/index','配置管理',1,''),(67,'admin',1,'admin/Channel/add','新增',1,''),(68,'admin',1,'admin/Channel/edit','编辑',1,''),(69,'admin',1,'admin/Channel/del','删除',1,''),(70,'admin',1,'admin/Channel/index','导航管理',1,''),(71,'admin',1,'admin/Category/edit','编辑',1,''),(72,'admin',1,'admin/Category/add','新增',1,''),(73,'admin',1,'admin/Category/remove','删除',1,''),(74,'admin',1,'admin/Category/index','分类管理',1,''),(75,'admin',1,'Admin/file/upload','上传控件',-1,''),(76,'admin',1,'Admin/file/uploadPicture','上传图片',-1,''),(77,'admin',1,'Admin/file/download','下载',-1,''),(79,'admin',1,'admin/article/batchOperate','导入',1,''),(80,'admin',1,'admin/Database/index?type=export','备份数据库',1,''),(81,'admin',1,'admin/Database/index?type=import','还原数据库',1,''),(82,'admin',1,'admin/Database/export','备份',1,''),(83,'admin',1,'admin/Database/optimize','优化表',1,''),(84,'admin',1,'admin/Database/repair','修复表',1,''),(86,'admin',1,'admin/Database/import','恢复',1,''),(87,'admin',1,'admin/Database/del','删除',1,''),(88,'admin',1,'admin/User/add','新增用户',1,''),(89,'admin',1,'admin/Attribute/index','属性管理',1,''),(90,'admin',1,'admin/Attribute/add','新增',1,''),(91,'admin',1,'admin/Attribute/edit','编辑',1,''),(92,'admin',1,'admin/Attribute/setStatus','改变状态',1,''),(93,'admin',1,'admin/Attribute/update','保存数据',1,''),(94,'admin',1,'admin/AuthManager/modelauth','模型授权',1,''),(95,'admin',1,'admin/AuthManager/addToModel','保存模型授权',1,''),(96,'admin',1,'Admin/Category/move','移动',-1,''),(97,'admin',1,'Admin/Category/merge','合并',-1,''),(98,'admin',1,'Admin/Config/menu','后台菜单管理',-1,''),(99,'admin',1,'Admin/Article/mydocument','内容',-1,''),(100,'admin',1,'admin/Menu/index','菜单管理',1,''),(101,'admin',1,'Admin/other','其他',-1,''),(102,'admin',1,'admin/Menu/add','新增',1,''),(103,'admin',1,'admin/Menu/edit','编辑',1,''),(104,'admin',1,'Admin/Think/lists?model=article','文章管理',-1,''),(105,'admin',1,'Admin/Think/lists?model=download','下载管理',-1,''),(106,'admin',1,'Admin/Think/lists?model=config','配置管理',-1,''),(107,'admin',1,'admin/Action/actionlog','行为日志',1,''),(108,'admin',1,'admin/User/updatePassword','修改密码',1,''),(109,'admin',1,'admin/User/updateNickname','修改昵称',1,''),(110,'admin',1,'admin/action/edit','查看行为日志',1,''),(111,'admin',2,'Admin/article/index','文档列表',-1,''),(112,'admin',2,'Admin/article/add','新增',-1,''),(113,'admin',2,'Admin/article/edit','编辑',-1,''),(114,'admin',2,'Admin/article/setStatus','改变状态',-1,''),(115,'admin',2,'Admin/article/update','保存',-1,''),(116,'admin',2,'Admin/article/autoSave','保存草稿',-1,''),(117,'admin',2,'Admin/article/move','移动',-1,''),(118,'admin',2,'Admin/article/copy','复制',-1,''),(119,'admin',2,'Admin/article/paste','粘贴',-1,''),(120,'admin',2,'Admin/article/batchOperate','导入',-1,''),(121,'admin',2,'Admin/article/recycle','回收站',-1,''),(122,'admin',2,'Admin/article/permit','还原',-1,''),(123,'admin',2,'Admin/article/clear','清空',-1,''),(124,'admin',2,'Admin/User/add','新增用户',-1,''),(125,'admin',2,'Admin/User/action','用户行为',-1,''),(126,'admin',2,'Admin/User/addAction','新增用户行为',-1,''),(127,'admin',2,'Admin/User/editAction','编辑用户行为',-1,''),(128,'admin',2,'Admin/User/saveAction','保存用户行为',-1,''),(129,'admin',2,'Admin/User/setStatus','变更行为状态',-1,''),(130,'admin',2,'Admin/User/changeStatus?method=forbidUser','禁用会员',-1,''),(131,'admin',2,'Admin/User/changeStatus?method=resumeUser','启用会员',-1,''),(132,'admin',2,'Admin/User/changeStatus?method=deleteUser','删除会员',-1,''),(133,'admin',2,'Admin/AuthManager/index','权限管理',-1,''),(134,'admin',2,'Admin/AuthManager/changeStatus?method=deleteGroup','删除',-1,''),(135,'admin',2,'Admin/AuthManager/changeStatus?method=forbidGroup','禁用',-1,''),(136,'admin',2,'Admin/AuthManager/changeStatus?method=resumeGroup','恢复',-1,''),(137,'admin',2,'Admin/AuthManager/createGroup','新增',-1,''),(138,'admin',2,'Admin/AuthManager/editGroup','编辑',-1,''),(139,'admin',2,'Admin/AuthManager/writeGroup','保存用户组',-1,''),(140,'admin',2,'Admin/AuthManager/group','授权',-1,''),(141,'admin',2,'Admin/AuthManager/access','访问授权',-1,''),(142,'admin',2,'Admin/AuthManager/user','成员授权',-1,''),(143,'admin',2,'Admin/AuthManager/removeFromGroup','解除授权',-1,''),(144,'admin',2,'Admin/AuthManager/addToGroup','保存成员授权',-1,''),(145,'admin',2,'Admin/AuthManager/category','分类授权',-1,''),(146,'admin',2,'Admin/AuthManager/addToCategory','保存分类授权',-1,''),(147,'admin',2,'Admin/AuthManager/modelauth','模型授权',-1,''),(148,'admin',2,'Admin/AuthManager/addToModel','保存模型授权',-1,''),(149,'admin',2,'Admin/Addons/create','创建',-1,''),(150,'admin',2,'Admin/Addons/checkForm','检测创建',-1,''),(151,'admin',2,'Admin/Addons/preview','预览',-1,''),(152,'admin',2,'Admin/Addons/build','快速生成插件',-1,''),(153,'admin',2,'Admin/Addons/config','设置',-1,''),(154,'admin',2,'Admin/Addons/disable','禁用',-1,''),(155,'admin',2,'Admin/Addons/enable','启用',-1,''),(156,'admin',2,'Admin/Addons/install','安装',-1,''),(157,'admin',2,'Admin/Addons/uninstall','卸载',-1,''),(158,'admin',2,'Admin/Addons/saveconfig','更新配置',-1,''),(159,'admin',2,'Admin/Addons/adminList','插件后台列表',-1,''),(160,'admin',2,'Admin/Addons/execute','URL方式访问插件',-1,''),(161,'admin',2,'Admin/Addons/hooks','钩子管理',-1,''),(162,'admin',2,'Admin/Model/index','模型管理',-1,''),(163,'admin',2,'Admin/model/add','新增',-1,''),(164,'admin',2,'Admin/model/edit','编辑',-1,''),(165,'admin',2,'Admin/model/setStatus','改变状态',-1,''),(166,'admin',2,'Admin/model/update','保存数据',-1,''),(167,'admin',2,'Admin/Attribute/index','属性管理',-1,''),(168,'admin',2,'Admin/Attribute/add','新增',-1,''),(169,'admin',2,'Admin/Attribute/edit','编辑',-1,''),(170,'admin',2,'Admin/Attribute/setStatus','改变状态',-1,''),(171,'admin',2,'Admin/Attribute/update','保存数据',-1,''),(172,'admin',2,'Admin/Config/index','配置管理',-1,''),(173,'admin',2,'Admin/Config/edit','编辑',-1,''),(174,'admin',2,'Admin/Config/del','删除',-1,''),(175,'admin',2,'Admin/Config/add','新增',-1,''),(176,'admin',2,'Admin/Config/save','保存',-1,''),(177,'admin',2,'Admin/Menu/index','菜单管理',-1,''),(178,'admin',2,'Admin/Channel/index','导航管理',-1,''),(179,'admin',2,'Admin/Channel/add','新增',-1,''),(180,'admin',2,'Admin/Channel/edit','编辑',-1,''),(181,'admin',2,'Admin/Channel/del','删除',-1,''),(182,'admin',2,'Admin/Category/index','分类管理',-1,''),(183,'admin',2,'Admin/Category/edit','编辑',-1,''),(184,'admin',2,'Admin/Category/add','新增',-1,''),(185,'admin',2,'Admin/Category/remove','删除',-1,''),(186,'admin',2,'Admin/Category/move','移动',-1,''),(187,'admin',2,'Admin/Category/merge','合并',-1,''),(188,'admin',2,'Admin/Database/index?type=export','备份数据库',-1,''),(189,'admin',2,'Admin/Database/export','备份',-1,''),(190,'admin',2,'Admin/Database/optimize','优化表',-1,''),(191,'admin',2,'Admin/Database/repair','修复表',-1,''),(192,'admin',2,'Admin/Database/index?type=import','还原数据库',-1,''),(193,'admin',2,'Admin/Database/import','恢复',-1,''),(194,'admin',2,'Admin/Database/del','删除',-1,''),(195,'admin',2,'admin/other','其他',1,''),(196,'admin',2,'Admin/Menu/add','新增',-1,''),(197,'admin',2,'Admin/Menu/edit','编辑',-1,''),(198,'admin',2,'Admin/Think/lists?model=article','应用',-1,''),(199,'admin',2,'Admin/Think/lists?model=download','下载管理',-1,''),(200,'admin',2,'Admin/Think/lists?model=config','应用',-1,''),(201,'admin',2,'Admin/Action/actionlog','行为日志',-1,''),(202,'admin',2,'Admin/User/updatePassword','修改密码',-1,''),(203,'admin',2,'Admin/User/updateNickname','修改昵称',-1,''),(204,'admin',2,'Admin/action/edit','查看行为日志',-1,''),(205,'admin',1,'admin/think/add','新增数据',1,''),(206,'admin',1,'admin/think/edit','编辑数据',1,''),(207,'admin',1,'admin/Menu/import','导入',1,''),(208,'admin',1,'admin/Model/generate','生成',1,''),(209,'admin',1,'admin/Addons/addHook','新增钩子',1,''),(210,'admin',1,'admin/Addons/edithook','编辑钩子',1,''),(211,'admin',1,'admin/Article/sort','文档排序',1,''),(212,'admin',1,'admin/Config/sort','排序',1,''),(213,'admin',1,'admin/Menu/sort','排序',1,''),(214,'admin',1,'admin/Channel/sort','排序',1,''),(215,'admin',1,'admin/Category/operate/type/move','移动',1,''),(216,'admin',1,'admin/Category/operate/type/merge','合并',1,''),(217,'admin',1,'admin/article/index','文档列表',1,''),(218,'admin',1,'admin/think/lists','数据列表',1,'');
/*!40000 ALTER TABLE `ypwl_auth_rule` ENABLE KEYS */;

#
# Structure for table "ypwl_category"
#

DROP TABLE IF EXISTS `ypwl_category`;
CREATE TABLE `ypwl_category` (
  `id` int(10) unsigned NOT NULL AUTO_INCREMENT COMMENT '分类ID',
  `name` varchar(30) NOT NULL COMMENT '标志',
  `title` varchar(50) NOT NULL COMMENT '标题',
  `pid` int(10) unsigned NOT NULL DEFAULT '0' COMMENT '上级分类ID',
  `sort` int(10) unsigned NOT NULL DEFAULT '0' COMMENT '排序（同级有效）',
  `list_row` tinyint(3) unsigned NOT NULL DEFAULT '10' COMMENT '列表每页行数',
  `meta_title` varchar(50) NOT NULL DEFAULT '' COMMENT 'SEO的网页标题',
  `keywords` varchar(255) NOT NULL DEFAULT '' COMMENT '关键字',
  `description` varchar(255) NOT NULL DEFAULT '' COMMENT '描述',
  `template_index` varchar(100) NOT NULL DEFAULT '' COMMENT '频道页模板',
  `template_lists` varchar(100) NOT NULL DEFAULT '' COMMENT '列表页模板',
  `template_detail` varchar(100) NOT NULL DEFAULT '' COMMENT '详情页模板',
  `template_edit` varchar(100) NOT NULL DEFAULT '' COMMENT '编辑页模板',
  `model` varchar(100) NOT NULL DEFAULT '' COMMENT '列表绑定模型',
  `model_sub` varchar(100) NOT NULL DEFAULT '' COMMENT '子文档绑定模型',
  `type` varchar(100) NOT NULL DEFAULT '' COMMENT '允许发布的内容类型',
  `link_id` int(10) unsigned NOT NULL DEFAULT '0' COMMENT '外链',
  `allow_publish` tinyint(3) unsigned NOT NULL DEFAULT '0' COMMENT '是否允许发布内容',
  `display` tinyint(3) unsigned NOT NULL DEFAULT '0' COMMENT '可见性',
  `reply` tinyint(3) unsigned NOT NULL DEFAULT '0' COMMENT '是否允许回复',
  `check` tinyint(3) unsigned NOT NULL DEFAULT '0' COMMENT '发布的文章是否需要审核',
  `reply_model` varchar(100) NOT NULL DEFAULT '',
  `extend` text COMMENT '扩展设置',
  `create_time` int(10) unsigned NOT NULL DEFAULT '0' COMMENT '创建时间',
  `update_time` int(10) unsigned NOT NULL DEFAULT '0' COMMENT '更新时间',
  `status` tinyint(4) NOT NULL DEFAULT '0' COMMENT '数据状态',
  `icon` int(10) unsigned NOT NULL DEFAULT '0' COMMENT '分类图标',
  `groups` varchar(255) NOT NULL DEFAULT '' COMMENT '分组定义',
  PRIMARY KEY (`id`),
  UNIQUE KEY `uk_name` (`name`),
  KEY `pid` (`pid`)
) ENGINE=MyISAM AUTO_INCREMENT=39 DEFAULT CHARSET=utf8 COMMENT='分类表';

#
# Data for table "ypwl_category"
#

/*!40000 ALTER TABLE `ypwl_category` DISABLE KEYS */;
INSERT INTO `ypwl_category` VALUES (1,'blog','博客',0,0,10,'','','','','','','','2,3','2','2,1',0,0,1,0,0,'1','',1379474947,1382701539,1,0,''),(2,'default_blog','默认分类',1,1,10,'','','','','','','','2,3','2','2,1,3',0,1,1,0,0,'1','1',1379475028,1477384562,1,0,'');
/*!40000 ALTER TABLE `ypwl_category` ENABLE KEYS */;

#
# Structure for table "ypwl_channel"
#

DROP TABLE IF EXISTS `ypwl_channel`;
CREATE TABLE `ypwl_channel` (
  `id` int(10) unsigned NOT NULL AUTO_INCREMENT COMMENT '频道ID',
  `pid` int(10) unsigned NOT NULL DEFAULT '0' COMMENT '上级频道ID',
  `title` char(30) NOT NULL COMMENT '频道标题',
  `url` char(100) NOT NULL COMMENT '频道连接',
  `sort` int(10) unsigned NOT NULL DEFAULT '0' COMMENT '导航排序',
  `create_time` int(10) unsigned NOT NULL DEFAULT '0' COMMENT '创建时间',
  `update_time` int(10) unsigned NOT NULL DEFAULT '0' COMMENT '更新时间',
  `status` tinyint(4) NOT NULL DEFAULT '0' COMMENT '状态',
  `target` tinyint(2) unsigned NOT NULL DEFAULT '0' COMMENT '新窗口打开',
  PRIMARY KEY (`id`),
  KEY `pid` (`pid`)
) ENGINE=MyISAM AUTO_INCREMENT=4 DEFAULT CHARSET=utf8;

#
# Data for table "ypwl_channel"
#

/*!40000 ALTER TABLE `ypwl_channel` DISABLE KEYS */;
INSERT INTO `ypwl_channel` VALUES (1,0,'首页','Index/index',1,1379475111,1379923177,1,0),(2,0,'博客','Article/index?category=blog',2,1379475131,1379483713,1,0),(3,0,'官网','http://www.onethink.cn',3,1379475154,1387163458,1,0);
/*!40000 ALTER TABLE `ypwl_channel` ENABLE KEYS */;

#
# Structure for table "ypwl_config"
#

DROP TABLE IF EXISTS `ypwl_config`;
CREATE TABLE `ypwl_config` (
  `id` int(10) unsigned NOT NULL AUTO_INCREMENT COMMENT '配置ID',
  `name` varchar(30) NOT NULL DEFAULT '' COMMENT '配置名称',
  `type` tinyint(3) unsigned NOT NULL DEFAULT '0' COMMENT '配置类型',
  `title` varchar(50) NOT NULL DEFAULT '' COMMENT '配置说明',
  `group` tinyint(3) unsigned NOT NULL DEFAULT '0' COMMENT '配置分组',
  `extra` varchar(255) NOT NULL DEFAULT '' COMMENT '配置值',
  `remark` varchar(100) NOT NULL DEFAULT '' COMMENT '配置说明',
  `create_time` int(10) unsigned NOT NULL DEFAULT '0' COMMENT '创建时间',
  `update_time` int(10) unsigned NOT NULL DEFAULT '0' COMMENT '更新时间',
  `status` tinyint(4) NOT NULL DEFAULT '0' COMMENT '状态',
  `value` text COMMENT '配置值',
  `sort` smallint(3) unsigned NOT NULL DEFAULT '0' COMMENT '排序',
  PRIMARY KEY (`id`),
  UNIQUE KEY `uk_name` (`name`),
  KEY `type` (`type`),
  KEY `group` (`group`)
) ENGINE=MyISAM AUTO_INCREMENT=39 DEFAULT CHARSET=utf8;

#
# Data for table "ypwl_config"
#

/*!40000 ALTER TABLE `ypwl_config` DISABLE KEYS */;
INSERT INTO `ypwl_config` VALUES (1,'web_site_title',1,'网站标题',1,'','网站标题前台显示标题',1378898976,1379235274,1,'TwoThink内容管理框架',0),(2,'web_site_description',2,'网站描述',1,'','网站搜索引擎描述',1378898976,1379235841,1,'TwoThink内容管理框架',1),(3,'web_site_keyword',2,'网站关键字',1,'','网站搜索引擎关键字',1378898976,1381390100,1,'ThinkPHP,TwoThink',8),(4,'web_site_close',4,'关闭站点',1,'0:关闭,1:开启','站点关闭后其他用户不能访问，管理员可以正常访问',1378898976,1379235296,1,'1',1),(9,'config_type_list',3,'配置类型列表',4,'','主要用于数据解析和页面表单的生成',1378898976,1379235348,1,'0:数字\r\n1:字符\r\n2:文本\r\n3:数组\r\n4:枚举',2),(10,'web_site_icp',1,'网站备案号',1,'','设置在网站底部显示的备案号，如“沪ICP备12007941号-2',1378900335,1379235859,1,'',9),(11,'document_position',3,'文档推荐位',2,'','文档推荐位，推荐到多个位置KEY值相加即可',1379053380,1379235329,1,'1:列表推荐\r\n2:频道推荐\r\n4:首页推荐',3),(12,'document_display',3,'文档可见性',2,'','文章可见性仅影响前台显示，后台不收影响',1379056370,1379235322,1,'0:所有人可见\r\n1:仅注册会员可见\r\n2:仅管理员可见',4),(13,'color_style',4,'后台色系',1,'default_color:默认\r\nblue_color:紫罗兰','后台颜色风格',1379122533,1379235904,1,'default_color',10),(20,'config_group_list',3,'配置分组',4,'','配置分组',1379228036,1384418383,1,'1:基本\r\n2:内容\r\n3:用户\r\n4:系统',4),(21,'hooks_type',3,'钩子的类型',4,'','类型 1-用于扩展显示内容，2-用于扩展业务处理',1379313397,1379313407,1,'1:视图\r\n2:控制器',6),(22,'auth_config',3,'Auth配置',4,'','自定义Auth.class.php类配置',1379409310,1379409564,1,'AUTH_ON:1\r\nAUTH_TYPE:2',8),(23,'open_draftbox',4,'是否开启草稿功能',2,'0:关闭草稿功能\r\n1:开启草稿功能\r\n','新增文章时的草稿功能配置',1379484332,1379484591,1,'1',1),(24,'draft_aotosave_interval',0,'自动保存草稿时间',2,'','自动保存草稿的时间间隔，单位：秒',1379484574,1386143323,1,'60',2),(25,'list_rows',0,'后台每页记录数',2,'','后台数据每页显示记录数',1379503896,1380427745,1,'10',10),(26,'user_allow_register',4,'是否允许用户注册',3,'0:关闭注册\r\n1:允许注册','是否开放用户注册',1379504487,1379504580,1,'1',3),(27,'codemirror_theme',4,'预览插件的CodeMirror主题',4,'3024-day:3024 day\r\n3024-night:3024 night\r\nambiance:ambiance\r\nbase16-dark:base16 dark\r\nbase16-light:base16 light\r\nblackboard:blackboard\r\ncobalt:cobalt\r\neclipse:eclipse\r\nelegant:elegant\r\nerlang-dark:erlang-dark\r\nlesser-dark:lesser-dark\r\nmidnight:midnight','详情见CodeMirror官网',1379814385,1384740813,1,'ambiance',3),(28,'data_backup_path',1,'数据库备份根路径',4,'','路径必须以 / 结尾',1381482411,1381482411,1,'./Data/',5),(29,'data_backup_part_size',0,'数据库备份卷大小',4,'','该值用于限制压缩后的分卷最大长度。单位：B；建议设置20M',1381482488,1381729564,1,'20971520',7),(30,'data_backup_compress',4,'数据库备份文件是否启用压缩',4,'0:不压缩\r\n1:启用压缩','压缩备份文件需要PHP环境支持gzopen,gzwrite函数',1381713345,1381729544,1,'1',9),(31,'data_backup_compress_level',4,'数据库备份文件压缩级别',4,'1:普通\r\n4:一般\r\n9:最高','数据库备份文件的压缩级别，该配置在开启压缩时生效',1381713408,1381713408,1,'9',10),(32,'develop_mode',4,'开启开发者模式',4,'0:关闭\r\n1:开启','是否开启开发者模式',1383105995,1383291877,1,'1',11),(33,'allow_visit',3,'不受限控制器方法',0,'','',1386644047,1386644741,1,'0:article/draftbox\r\n1:article/mydocument\r\n2:Category/tree\r\n3:Index/verify\r\n4:file/upload\r\n5:file/download\r\n6:user/updatePassword\r\n7:user/updateNickname\r\n8:user/submitPassword\r\n9:user/submitNickname\r\n10:file/uploadpicture',0),(34,'deny_visit',3,'超管专限控制器方法',0,'','仅超级管理员可访问的控制器方法',1386644141,1386644659,1,'0:Addons/addhook\r\n1:Addons/edithook\r\n2:Addons/delhook\r\n3:Addons/updateHook\r\n4:Admin/getMenus\r\n5:Admin/recordList\r\n6:AuthManager/updateRules\r\n7:AuthManager/tree',0),(35,'reply_list_rows',0,'回复列表每页条数',2,'','',1386645376,1387178083,1,'10',0),(36,'admin_allow_ip',2,'后台允许访问IP',4,'','多个用逗号分隔，如果不配置表示不限制IP访问',1387165454,1387165553,1,'',12),(37,'app_trace',4,'是否显示页面Trace',4,'0:关闭\r\n1:开启','是否显示页面Trace信息',1387165685,1387165685,1,'0',1),(38,'app_debug',4,'应用调试模式',4,'0:关闭\r\n1:开启','网站正式部署建议关闭',1478522232,1478522395,1,'1',0);
/*!40000 ALTER TABLE `ypwl_config` ENABLE KEYS */;

#
# Structure for table "ypwl_dds"
#

DROP TABLE IF EXISTS `ypwl_dds`;
CREATE TABLE `ypwl_dds` (
  `id` int(10) unsigned NOT NULL AUTO_INCREMENT COMMENT '主键',
  `dddd` int(10) unsigned NOT NULL DEFAULT '1' COMMENT 'dd',
  `dd` varchar(255) NOT NULL COMMENT 'dd',
  `dds` varchar(255) NOT NULL DEFAULT '1' COMMENT 'ddd',
  `dddds` varchar(255) NOT NULL DEFAULT '1' COMMENT 'dd',
  `sfsa` varchar(255) NOT NULL DEFAULT '1' COMMENT 'asfda',
  PRIMARY KEY (`id`)
) ENGINE=MyISAM DEFAULT CHARSET=utf8 ROW_FORMAT=DYNAMIC;

#
# Data for table "ypwl_dds"
#

/*!40000 ALTER TABLE `ypwl_dds` DISABLE KEYS */;
/*!40000 ALTER TABLE `ypwl_dds` ENABLE KEYS */;

#
# Structure for table "ypwl_digg"
#

DROP TABLE IF EXISTS `ypwl_digg`;
CREATE TABLE `ypwl_digg` (
  `document_id` int(10) unsigned NOT NULL,
  `good` int(10) unsigned NOT NULL DEFAULT '0' COMMENT '赞数',
  `bad` int(10) unsigned NOT NULL DEFAULT '0' COMMENT '批数',
  `create_time` int(10) unsigned NOT NULL DEFAULT '0' COMMENT '创建时间',
  `uids` longtext NOT NULL COMMENT '投过票的用户id 字符合集 id1,id2,',
  PRIMARY KEY (`document_id`)
) ENGINE=MyISAM DEFAULT CHARSET=utf8;

#
# Data for table "ypwl_digg"
#

/*!40000 ALTER TABLE `ypwl_digg` DISABLE KEYS */;
INSERT INTO `ypwl_digg` VALUES (1,0,0,1478530441,','),(112,0,1,1478440601,',2,'),(113,0,1,1478440562,',2,');
/*!40000 ALTER TABLE `ypwl_digg` ENABLE KEYS */;

#
# Structure for table "ypwl_document"
#

DROP TABLE IF EXISTS `ypwl_document`;
CREATE TABLE `ypwl_document` (
  `id` int(10) unsigned NOT NULL AUTO_INCREMENT COMMENT '文档ID',
  `uid` int(10) unsigned NOT NULL DEFAULT '0' COMMENT '用户ID',
  `name` char(40) NOT NULL DEFAULT '' COMMENT '标识',
  `title` char(80) NOT NULL DEFAULT '' COMMENT '标题',
  `category_id` int(10) unsigned NOT NULL COMMENT '所属分类',
  `group_id` smallint(3) unsigned NOT NULL COMMENT '所属分组',
  `description` char(140) NOT NULL DEFAULT '' COMMENT '描述',
  `root` int(10) unsigned NOT NULL DEFAULT '0' COMMENT '根节点',
  `pid` int(10) unsigned NOT NULL DEFAULT '0' COMMENT '所属ID',
  `model_id` tinyint(3) unsigned NOT NULL DEFAULT '0' COMMENT '内容模型ID',
  `type` tinyint(3) unsigned NOT NULL DEFAULT '2' COMMENT '内容类型',
  `position` smallint(5) unsigned NOT NULL DEFAULT '0' COMMENT '推荐位',
  `link_id` int(10) unsigned NOT NULL DEFAULT '0' COMMENT '外链',
  `cover_id` int(10) unsigned NOT NULL DEFAULT '0' COMMENT '封面',
  `display` tinyint(3) unsigned NOT NULL DEFAULT '1' COMMENT '可见性',
  `deadline` int(10) unsigned NOT NULL DEFAULT '0' COMMENT '截至时间',
  `attach` tinyint(3) unsigned NOT NULL DEFAULT '0' COMMENT '附件数量',
  `view` int(10) unsigned NOT NULL DEFAULT '0' COMMENT '浏览量',
  `comment` int(10) unsigned NOT NULL DEFAULT '0' COMMENT '评论数',
  `extend` int(10) unsigned NOT NULL DEFAULT '0' COMMENT '扩展统计字段',
  `level` int(10) NOT NULL DEFAULT '0' COMMENT '优先级',
  `create_time` int(10) unsigned NOT NULL DEFAULT '0' COMMENT '创建时间',
  `update_time` int(10) unsigned NOT NULL DEFAULT '0' COMMENT '更新时间',
  `status` tinyint(4) NOT NULL DEFAULT '0' COMMENT '数据状态',
  PRIMARY KEY (`id`),
  KEY `idx_category_status` (`category_id`,`status`),
  KEY `idx_status_type_pid` (`status`,`uid`,`pid`)
) ENGINE=MyISAM AUTO_INCREMENT=119 DEFAULT CHARSET=utf8 COMMENT='文档模型基础表';

#
# Data for table "ypwl_document"
#

/*!40000 ALTER TABLE `ypwl_document` DISABLE KEYS */;
INSERT INTO `ypwl_document` VALUES (1,1,'','TwoThink1.0测试版',2,0,'期待已久的TwoThink最新版发布',0,0,2,2,0,0,0,1,0,0,116,0,0,0,1475325933,1477725097,1),(112,1,'','TwoThink1.0测试版',2,0,'期待已久的TwoThink最新版发布',0,0,2,2,0,0,0,1,0,0,93,0,0,0,1475325933,1478004287,1),(113,1,'','TwoThink1.0测试版sdaf',1,0,'期待已久的TwoThink最新版发布',0,0,2,2,0,0,0,1,0,0,171,0,0,0,1475325933,1477845545,1);
/*!40000 ALTER TABLE `ypwl_document` ENABLE KEYS */;

#
# Structure for table "ypwl_document_article"
#

DROP TABLE IF EXISTS `ypwl_document_article`;
CREATE TABLE `ypwl_document_article` (
  `id` int(10) unsigned NOT NULL DEFAULT '0' COMMENT '文档ID',
  `parse` tinyint(3) unsigned NOT NULL DEFAULT '0' COMMENT '内容解析类型',
  `content` text NOT NULL COMMENT '文章内容',
  `template` varchar(100) NOT NULL DEFAULT '' COMMENT '详情页显示模板',
  `bookmark` int(10) unsigned NOT NULL DEFAULT '0' COMMENT '收藏数',
  PRIMARY KEY (`id`)
) ENGINE=MyISAM DEFAULT CHARSET=utf8 COMMENT='文档模型文章表';

#
# Data for table "ypwl_document_article"
#

/*!40000 ALTER TABLE `ypwl_document_article` DISABLE KEYS */;
INSERT INTO `ypwl_document_article` VALUES (0,0,'sadfadf','',0),(1,0,'<h1>\r\n\tTwoThink1.0测试版<br/></h1><p><br/></p><p><strong>TwoThink是一个开源的内容管理框架,由Onethink基础上升级到最新的ThinkPHP5.0.2版本开发，提供更方便、更安全的WEB应用开发体验，采用了全新的架构设计和命名空间机制，融合了模块化、驱动化和插件化的设计理念于一体，开启了国内WEB应用傻瓜式开发的新潮流。&nbsp;</strong> </p><h2>\r\n\t主要特性：</h2><p>\r\n\t1. 基于ThinkPHP最新5.0.2版本。</p><p>\r\n\t2. 模块化：全新的架构和模块化的开发机制，便于灵活扩展和二次开发。&nbsp;</p><p>\r\n\t3. 文档模型/分类体系：通过和文档模型绑定，以及不同的文档类型，不同分类可以实现差异化的功能，轻松实现诸如资讯、下载、讨论和图片等功能。</p><p>\r\n\t4. 开源免费：TwoThink遵循Apache2开源协议,免费提供使用。&nbsp;</p><p>\r\n\t5. 用户行为：支持自定义用户行为，可以对单个用户或者群体用户的行为进行记录及分享，为您的运营决策提供有效参考数据。</p><p>\r\n\t6. 云端部署：通过驱动的方式可以轻松支持平台的部署，让您的网站无缝迁移，内置已经支持SAE和BAE3.0。</p><p>\r\n\t7. 云服务支持：即将启动支持云存储、云安全、云过滤和云统计等服务，更多贴心的服务让您的网站更安心。</p><p>\r\n\t8. 安全稳健：提供稳健的安全策略，包括备份恢复、容错、防止恶意攻击登录，网页防篡改等多项安全管理功能，保证系统安全，可靠、稳定的运行。&nbsp;</p><p>\r\n\t9. 应用仓库：官方应用仓库拥有大量来自第三方插件和应用模块、模板主题，有众多来自开源社区的贡献，让您的网站完美无缺。&nbsp;</p><p><br/></p><p><strong>&nbsp;TwoThink集成了一个完善的后台管理体系和前台模板标签系统，让你轻松管理数据和进行前台网站的标签式开发。&nbsp;</strong> </p><p><br/></p><h2>\r\n\t后台主要功能：</h2><p>\r\n\t1. 用户Passport系统</p><p>\r\n\t2. 配置管理系统&nbsp;</p><p>\r\n\t3. 权限控制系统</p><p>\r\n\t4. 后台建模系统&nbsp;</p><p>\r\n\t5. 多级分类系统&nbsp;</p><p>\r\n\t6. 用户行为系统&nbsp;</p><p>\r\n\t7. 钩子和插件系统</p><p>\r\n\t8. 系统日志系统&nbsp;</p><p>\r\n\t9. 数据备份和还原</p><p><br/></p><p><br/></p><p><br/></p><p><strong>TwoThink开发团队 2013~2016</strong> </p>','',0),(15,0,'asdfsadfa','',0),(30,0,'阿萨德发','',0),(33,0,'','',0),(38,0,'','',0),(39,0,'','',0),(112,0,'<h1>\r\n\tTwoThink1.0测试版<br/></h1><p><br/></p><p><strong>TwoThink是一个开源的内容管理框架,由Onethink基础上升级到最新的ThinkPHP5.0.2版本开发，提供更方便、更安全的WEB应用开发体验，采用了全新的架构设计和命名空间机制，融合了模块化、驱动化和插件化的设计理念于一体，开启了国内WEB应用傻瓜式开发的新潮流。&nbsp;</strong> </p><h2>\r\n\t主要特性：</h2><p>\r\n\t1. 基于ThinkPHP最新5.0.2版本。</p><p>\r\n\t2. 模块化：全新的架构和模块化的开发机制，便于灵活扩展和二次开发。&nbsp;</p><p>\r\n\t3. 文档模型/分类体系：通过和文档模型绑定，以及不同的文档类型，不同分类可以实现差异化的功能，轻松实现诸如资讯、下载、讨论和图片等功能。</p><p>\r\n\t4. 开源免费：TwoThink遵循Apache2开源协议,免费提供使用。&nbsp;</p><p>\r\n\t5. 用户行为：支持自定义用户行为，可以对单个用户或者群体用户的行为进行记录及分享，为您的运营决策提供有效参考数据。</p><p>\r\n\t6. 云端部署：通过驱动的方式可以轻松支持平台的部署，让您的网站无缝迁移，内置已经支持SAE和BAE3.0。</p><p>\r\n\t7. 云服务支持：即将启动支持云存储、云安全、云过滤和云统计等服务，更多贴心的服务让您的网站更安心。</p><p>\r\n\t8. 安全稳健：提供稳健的安全策略，包括备份恢复、容错、防止恶意攻击登录，网页防篡改等多项安全管理功能，保证系统安全，可靠、稳定的运行。&nbsp;</p><p>\r\n\t9. 应用仓库：官方应用仓库拥有大量来自第三方插件和应用模块、模板主题，有众多来自开源社区的贡献，让您的网站完美无缺。&nbsp;</p><p><br/></p><p><strong>&nbsp;TwoThink集成了一个完善的后台管理体系和前台模板标签系统，让你轻松管理数据和进行前台网站的标签式开发。&nbsp;</strong> </p><p><br/></p><h2>\r\n\t后台主要功能：</h2><p>\r\n\t1. 用户Passport系统</p><p>\r\n\t2. 配置管理系统&nbsp;</p><p>\r\n\t3. 权限控制系统</p><p>\r\n\t4. 后台建模系统&nbsp;</p><p>\r\n\t5. 多级分类系统&nbsp;</p><p>\r\n\t6. 用户行为系统&nbsp;</p><p>\r\n\t7. 钩子和插件系统</p><p>\r\n\t8. 系统日志系统&nbsp;</p><p>\r\n\t9. 数据备份和还原</p><p><br/></p><p><br/></p><p><br/></p><p><strong>TwoThink开发团队 2013~2016</strong> </p>','',0),(113,0,'<h1>\r\n\tTwoThink1.0测试版sss432<br/></h1><p><br/></p><p><strong>TwoThink是一个开源的内容管理框架,由Onethink基础上升级到最新的ThinkPHP5.0.2版本开发，提供更方便、更安全的WEB应用开发体验，采用了全新的架构设计和命名空间机制，融合了模块化、驱动化和插件化的设计理念于一体，开启了国内WEB应用傻瓜式开发的新潮流。&nbsp;</strong> </p><h2>\r\n\t主要特性：</h2><p>\r\n\t1. 基于ThinkPHP最新5.0.2版本。</p><p>\r\n\t2. 模块化：全新的架构和模块化的开发机制，便于灵活扩展和二次开发。&nbsp;</p><p>\r\n\t3. 文档模型/分类体系：通过和文档模型绑定，以及不同的文档类型，不同分类可以实现差异化的功能，轻松实现诸如资讯、下载、讨论和图片等功能。</p><p>\r\n\t4. 开源免费：TwoThink遵循Apache2开源协议,免费提供使用。&nbsp;</p><p>\r\n\t5. 用户行为：支持自定义用户行为，可以对单个用户或者群体用户的行为进行记录及分享，为您的运营决策提供有效参考数据。</p><p>\r\n\t6. 云端部署：通过驱动的方式可以轻松支持平台的部署，让您的网站无缝迁移，内置已经支持SAE和BAE3.0。</p><p>\r\n\t7. 云服务支持：即将启动支持云存储、云安全、云过滤和云统计等服务，更多贴心的服务让您的网站更安心。</p><p>\r\n\t8. 安全稳健：提供稳健的安全策略，包括备份恢复、容错、防止恶意攻击登录，网页防篡改等多项安全管理功能，保证系统安全，可靠、稳定的运行。&nbsp;</p><p>\r\n\t9. 应用仓库：官方应用仓库拥有大量来自第三方插件和应用模块、模板主题，有众多来自开源社区的贡献，让您的网站完美无缺。&nbsp;</p><p><br/></p><p><strong>&nbsp;TwoThink集成了一个完善的后台管理体系和前台模板标签系统，让你轻松管理数据和进行前台网站的标签式开发。&nbsp;</strong> </p><p><br/></p><h2>\r\n\t后台主要功能：</h2><p>\r\n\t1. 用户Passport系统</p><p>\r\n\t2. 配置管理系统&nbsp;</p><p>\r\n\t3. 权限控制系统</p><p>\r\n\t4. 后台建模系统&nbsp;</p><p>\r\n\t5. 多级分类系统&nbsp;</p><p>\r\n\t6. 用户行为系统&nbsp;</p><p>\r\n\t7. 钩子和插件系统</p><p>\r\n\t8. 系统日志系统&nbsp;</p><p>\r\n\t9. 数据备份和还原</p><p><br/></p><p><br/></p><p><br/></p><p><strong>TwoThink开发团队 2013~2016</strong> </p>','',0),(117,0,'','',0),(118,0,'','',0);
/*!40000 ALTER TABLE `ypwl_document_article` ENABLE KEYS */;

#
# Structure for table "ypwl_document_download"
#

DROP TABLE IF EXISTS `ypwl_document_download`;
CREATE TABLE `ypwl_document_download` (
  `id` int(10) unsigned NOT NULL DEFAULT '0' COMMENT '文档ID',
  `parse` tinyint(3) unsigned NOT NULL DEFAULT '0' COMMENT '内容解析类型',
  `content` text NOT NULL COMMENT '下载详细描述',
  `template` varchar(100) NOT NULL DEFAULT '' COMMENT '详情页显示模板',
  `file_id` int(10) unsigned NOT NULL DEFAULT '0' COMMENT '文件ID',
  `download` int(10) unsigned NOT NULL DEFAULT '0' COMMENT '下载次数',
  `size` bigint(20) unsigned NOT NULL DEFAULT '0' COMMENT '文件大小',
  PRIMARY KEY (`id`)
) ENGINE=MyISAM DEFAULT CHARSET=utf8 COMMENT='文档模型下载表';

#
# Data for table "ypwl_document_download"
#

/*!40000 ALTER TABLE `ypwl_document_download` DISABLE KEYS */;
INSERT INTO `ypwl_document_download` VALUES (0,0,'11','',1,0,239),(67,0,'11','',1,0,239);
/*!40000 ALTER TABLE `ypwl_document_download` ENABLE KEYS */;

#
# Structure for table "ypwl_file"
#

DROP TABLE IF EXISTS `ypwl_file`;
CREATE TABLE `ypwl_file` (
  `id` int(10) unsigned NOT NULL AUTO_INCREMENT COMMENT '文件ID',
  `name` char(30) NOT NULL DEFAULT '' COMMENT '原始文件名',
  `savename` char(20) NOT NULL DEFAULT '' COMMENT '保存名称',
  `savepath` char(30) NOT NULL DEFAULT '' COMMENT '文件保存路径',
  `ext` char(5) NOT NULL DEFAULT '' COMMENT '文件后缀',
  `mime` char(40) NOT NULL DEFAULT '' COMMENT '文件mime类型',
  `size` int(10) unsigned NOT NULL DEFAULT '0' COMMENT '文件大小',
  `md5` char(32) NOT NULL DEFAULT '' COMMENT '文件md5',
  `sha1` char(40) NOT NULL DEFAULT '' COMMENT '文件 sha1编码',
  `location` tinyint(3) unsigned NOT NULL DEFAULT '0' COMMENT '文件保存位置',
  `url` varchar(255) NOT NULL DEFAULT '' COMMENT '远程地址',
  `create_time` int(10) unsigned NOT NULL DEFAULT '0' COMMENT '上传时间',
  PRIMARY KEY (`id`),
  UNIQUE KEY `uk_md5` (`md5`)
) ENGINE=MyISAM AUTO_INCREMENT=6 DEFAULT CHARSET=utf8 COMMENT='文件表';

#
# Data for table "ypwl_file"
#

/*!40000 ALTER TABLE `ypwl_file` DISABLE KEYS */;
INSERT INTO `ypwl_file` VALUES (1,'64x64.gif','3cb1f26455020b7b1413','2016-10-24/','gif','application/octet-stream',239,'636e3ae8279925f2d95b359c90eda54f','94b63ef1172f815fc22713c662c7d71d3da49a7f',0,'',1477300280),(2,'add.png','44e333d299209c205945','2016-10-24/','png','application/octet-stream',185,'dd055d8bf97a0d9ea800506dbaeb871c','aaae65a3e0ce027b0dfff31585062369acc9120e',0,'',1477307946),(3,'app_no_pic.png','ce6b60dc26ad915c28c1','2016-10-24/','png','application/octet-stream',3372,'5ab7c792c47ab4d4b8f2fa4c89409752','4fad7da47412c8dda0c6d408cbdaaa0b6b6b7353',0,'',1477309465),(4,'addons.png','9627810973c4581d0719','2016-10-24/','png','application/octet-stream',5881,'ddb3378d331af0a1d1683de8fcc1df27','9633c41e2f8bb03d1aae2d014de54d032616296c',0,'',1477320468),(5,'tp5.0.png','8afa9fe8cccb154deb47','2016-10-30/','png','application/octet-stream',14307,'e2155d4fb6c5c384e67b568ae645b540','b1c8fe218c3d7b3380ba9b22c8862b8b12e172c5',0,'',1477759518);
/*!40000 ALTER TABLE `ypwl_file` ENABLE KEYS */;

#
# Structure for table "ypwl_hooks"
#

DROP TABLE IF EXISTS `ypwl_hooks`;
CREATE TABLE `ypwl_hooks` (
  `id` int(10) unsigned NOT NULL AUTO_INCREMENT COMMENT '主键',
  `name` varchar(40) NOT NULL DEFAULT '' COMMENT '钩子名称',
  `description` text COMMENT '描述',
  `type` tinyint(1) unsigned NOT NULL DEFAULT '1' COMMENT '类型',
  `update_time` int(10) unsigned NOT NULL DEFAULT '0' COMMENT '更新时间',
  `addons` varchar(255) NOT NULL DEFAULT '' COMMENT '钩子挂载的插件 ''，''分割',
  `status` tinyint(1) unsigned NOT NULL DEFAULT '1',
  PRIMARY KEY (`id`),
  UNIQUE KEY `name` (`name`)
) ENGINE=MyISAM AUTO_INCREMENT=17 DEFAULT CHARSET=utf8;

#
# Data for table "ypwl_hooks"
#

/*!40000 ALTER TABLE `ypwl_hooks` DISABLE KEYS */;
INSERT INTO `ypwl_hooks` VALUES (1,'pageHeader','页面header钩子，一般用于加载插件CSS文件和代码',1,0,'',1),(2,'pageFooter','页面footer钩子，一般用于加载插件JS文件和JS代码',1,0,'returntop',1),(3,'documentEditForm','添加编辑表单的 扩展内容钩子',1,0,'',1),(4,'documentDetailAfter','文档末尾显示',1,0,'socialcomment,digg',1),(5,'documentDetailBefore','页面内容前显示用钩子',1,0,'',1),(6,'documentSaveComplete','保存文档数据后的扩展钩子',2,0,'',1),(7,'documentEditFormContent','添加编辑表单的内容显示钩子',1,0,'editor',1),(8,'adminArticleEdit','后台内容编辑页编辑器',1,1378982734,'editorforadmin',1),(13,'AdminIndex','首页小格子个性化显示',1,1477405916,'aitestat,devteam,systeminfo,sitestat',1),(14,'topicComment','评论提交方式扩展钩子。',1,1380163518,'editor',1),(16,'app_begin','应用开始',2,1384481614,'',1);
/*!40000 ALTER TABLE `ypwl_hooks` ENABLE KEYS */;

#
# Structure for table "ypwl_member"
#

DROP TABLE IF EXISTS `ypwl_member`;
CREATE TABLE `ypwl_member` (
  `uid` int(10) unsigned NOT NULL AUTO_INCREMENT COMMENT '用户ID',
  `nickname` char(16) NOT NULL DEFAULT '' COMMENT '昵称',
  `sex` tinyint(3) unsigned NOT NULL DEFAULT '0' COMMENT '性别',
  `birthday` char(10) NOT NULL DEFAULT '0000-00-00' COMMENT '生日',
  `qq` char(10) NOT NULL DEFAULT '' COMMENT 'qq号',
  `score` mediumint(8) NOT NULL DEFAULT '0' COMMENT '用户积分',
  `login` int(10) unsigned NOT NULL DEFAULT '0' COMMENT '登录次数',
  `reg_ip` bigint(20) NOT NULL DEFAULT '0' COMMENT '注册IP',
  `reg_time` int(10) unsigned NOT NULL DEFAULT '0' COMMENT '注册时间',
  `last_login_ip` bigint(20) NOT NULL DEFAULT '0' COMMENT '最后登录IP',
  `last_login_time` int(10) unsigned NOT NULL DEFAULT '0' COMMENT '最后登录时间',
  `status` tinyint(4) NOT NULL DEFAULT '0' COMMENT '会员状态',
  PRIMARY KEY (`uid`),
  KEY `status` (`status`)
) ENGINE=MyISAM AUTO_INCREMENT=5 DEFAULT CHARSET=utf8 COMMENT='会员表';

#
# Data for table "ypwl_member"
#

/*!40000 ALTER TABLE `ypwl_member` DISABLE KEYS */;
INSERT INTO `ypwl_member` VALUES (1,'admin',0,'0000-00-00','',40,38,0,1477290758,2130706433,1478521533,1),(2,'admin2',0,'0000-00-00','',20,26,0,0,2130706433,1478430005,1),(4,'ming123',0,'0000-00-00','',10,1,0,0,2130706433,1478140170,1);
/*!40000 ALTER TABLE `ypwl_member` ENABLE KEYS */;

#
# Structure for table "ypwl_menu"
#

DROP TABLE IF EXISTS `ypwl_menu`;
CREATE TABLE `ypwl_menu` (
  `id` int(10) unsigned NOT NULL AUTO_INCREMENT COMMENT '文档ID',
  `title` varchar(50) NOT NULL DEFAULT '' COMMENT '标题',
  `pid` int(10) unsigned NOT NULL DEFAULT '0' COMMENT '上级分类ID',
  `sort` int(10) unsigned NOT NULL DEFAULT '0' COMMENT '排序（同级有效）',
  `url` char(255) NOT NULL DEFAULT '' COMMENT '链接地址',
  `hide` tinyint(1) unsigned NOT NULL DEFAULT '0' COMMENT '是否隐藏',
  `tip` varchar(255) NOT NULL DEFAULT '' COMMENT '提示',
  `group` varchar(50) DEFAULT '' COMMENT '分组',
  `is_dev` tinyint(1) unsigned NOT NULL DEFAULT '0' COMMENT '是否仅开发者模式可见',
  `status` tinyint(1) NOT NULL DEFAULT '0' COMMENT '状态',
  PRIMARY KEY (`id`),
  KEY `pid` (`pid`),
  KEY `status` (`status`)
) ENGINE=MyISAM AUTO_INCREMENT=124 DEFAULT CHARSET=utf8;

#
# Data for table "ypwl_menu"
#

/*!40000 ALTER TABLE `ypwl_menu` DISABLE KEYS */;
INSERT INTO `ypwl_menu` VALUES (1,'首页',0,1,'Index/index',0,'','',0,1),(2,'内容',0,2,'Article/index',0,'','',0,1),(3,'文档列表',2,0,'article/index',1,'','内容',0,1),(4,'新增',3,0,'article/add',0,'','',0,1),(5,'编辑',3,0,'article/edit',0,'','',0,1),(6,'改变状态',3,0,'article/setStatus',0,'','',0,1),(7,'保存',3,0,'article/update',0,'','',0,1),(8,'保存草稿',3,0,'article/autoSave',0,'','',0,1),(9,'移动',3,0,'article/move',0,'','',0,1),(10,'复制',3,0,'article/copy',0,'','',0,1),(11,'粘贴',3,0,'article/paste',0,'','',0,1),(12,'导入',3,0,'article/batchOperate',0,'','',0,1),(13,'回收站',2,0,'article/recycle',1,'','内容',0,1),(14,'还原',13,0,'article/permit',0,'','',0,1),(15,'清空',13,0,'article/clear',0,'','',0,1),(16,'用户',0,3,'User/index',0,'','',0,1),(17,'用户信息',16,0,'User/index',0,'','用户管理',0,1),(18,'新增用户',17,0,'User/add',0,'添加新用户','',0,1),(19,'用户行为',16,0,'User/action',0,'','行为管理',0,1),(20,'新增用户行为',19,0,'User/addaction',0,'','',0,1),(21,'编辑用户行为',19,0,'User/editaction',0,'','',0,1),(22,'保存用户行为',19,0,'User/saveAction',0,'\"用户->用户行为\"保存编辑和新增的用户行为','',0,1),(23,'变更行为状态',19,0,'User/setStatus',0,'\"用户->用户行为\"中的启用,禁用和删除权限','',0,1),(24,'禁用会员',19,0,'User/changeStatus?method=forbidUser',0,'\"用户->用户信息\"中的禁用','',0,1),(25,'启用会员',19,0,'User/changeStatus?method=resumeUser',0,'\"用户->用户信息\"中的启用','',0,1),(26,'删除会员',19,0,'User/changeStatus?method=deleteUser',0,'\"用户->用户信息\"中的删除','',0,1),(27,'权限管理',16,0,'AuthManager/index',0,'','用户管理',0,1),(28,'删除',27,0,'AuthManager/changeStatus?method=deleteGroup',0,'删除用户组','',0,1),(29,'禁用',27,0,'AuthManager/changeStatus?method=forbidGroup',0,'禁用用户组','',0,1),(30,'恢复',27,0,'AuthManager/changeStatus?method=resumeGroup',0,'恢复已禁用的用户组','',0,1),(31,'新增',27,0,'AuthManager/createGroup',0,'创建新的用户组','',0,1),(32,'编辑',27,0,'AuthManager/editGroup',0,'编辑用户组名称和描述','',0,1),(33,'保存用户组',27,0,'AuthManager/writeGroup',0,'新增和编辑用户组的\"保存\"按钮','',0,1),(34,'授权',27,0,'AuthManager/group',0,'\"后台 \\ 用户 \\ 用户信息\"列表页的\"授权\"操作按钮,用于设置用户所属用户组','',0,1),(35,'访问授权',27,0,'AuthManager/access',0,'\"后台 \\ 用户 \\ 权限管理\"列表页的\"访问授权\"操作按钮','',0,1),(36,'成员授权',27,0,'AuthManager/user',0,'\"后台 \\ 用户 \\ 权限管理\"列表页的\"成员授权\"操作按钮','',0,1),(37,'解除授权',27,0,'AuthManager/removeFromGroup',0,'\"成员授权\"列表页内的解除授权操作按钮','',0,1),(38,'保存成员授权',27,0,'AuthManager/addToGroup',0,'\"用户信息\"列表页\"授权\"时的\"保存\"按钮和\"成员授权\"里右上角的\"添加\"按钮)','',0,1),(39,'分类授权',27,0,'AuthManager/category',0,'\"后台 \\ 用户 \\ 权限管理\"列表页的\"分类授权\"操作按钮','',0,1),(40,'保存分类授权',27,0,'AuthManager/addToCategory',0,'\"分类授权\"页面的\"保存\"按钮','',0,1),(41,'模型授权',27,0,'AuthManager/modelauth',0,'\"后台 \\ 用户 \\ 权限管理\"列表页的\"模型授权\"操作按钮','',0,1),(42,'保存模型授权',27,0,'AuthManager/addToModel',0,'\"分类授权\"页面的\"保存\"按钮','',0,1),(43,'扩展',0,7,'Addons/index',0,'','',0,1),(44,'插件管理',43,1,'Addons/index',0,'','扩展',0,1),(45,'创建',44,0,'Addons/create',0,'服务器上创建插件结构向导','',0,1),(46,'检测创建',44,0,'Addons/checkForm',0,'检测插件是否可以创建','',0,1),(47,'预览',44,0,'Addons/preview',0,'预览插件定义类文件','',0,1),(48,'快速生成插件',44,0,'Addons/build',0,'开始生成插件结构','',0,1),(49,'设置',44,0,'Addons/config',0,'设置插件配置','',0,1),(50,'禁用',44,0,'Addons/disable',0,'禁用插件','',0,1),(51,'启用',44,0,'Addons/enable',0,'启用插件','',0,1),(52,'安装',44,0,'Addons/install',0,'安装插件','',0,1),(53,'卸载',44,0,'Addons/uninstall',0,'卸载插件','',0,1),(54,'更新配置',44,0,'Addons/saveconfig',0,'更新插件配置处理','',0,1),(55,'插件后台列表',44,0,'Addons/adminList',0,'','',0,1),(56,'URL方式访问插件',44,0,'Addons/execute',0,'控制是否有权限通过url访问插件控制器方法','',0,1),(57,'钩子管理',43,2,'Addons/hooks',0,'','扩展',0,1),(58,'模型管理',68,3,'Model/index',0,'','系统设置',0,1),(59,'新增',58,0,'model/add',0,'','',0,1),(60,'编辑',58,0,'model/edit',0,'','',0,1),(61,'改变状态',58,0,'model/setStatus',0,'','',0,1),(62,'保存数据',58,0,'model/update',0,'','',0,1),(63,'属性管理',68,0,'Attribute/index',1,'网站属性配置。','',0,1),(64,'新增',63,0,'Attribute/add',0,'','',0,1),(65,'编辑',63,0,'Attribute/edit',0,'','',0,1),(66,'改变状态',63,0,'Attribute/setStatus',0,'','',0,1),(67,'保存数据',63,0,'Attribute/update',0,'','',0,1),(68,'系统',0,4,'Config/group',0,'','',0,1),(69,'网站设置',68,1,'Config/group',0,'','系统设置',0,1),(70,'配置管理',68,4,'Config/index',0,'','系统设置',0,1),(71,'编辑',70,0,'Config/edit',0,'新增编辑和保存配置','',0,1),(72,'删除',70,0,'Config/del',0,'删除配置','',0,1),(73,'新增',70,0,'Config/add',0,'新增配置','',0,1),(74,'保存',70,0,'Config/save',0,'保存配置','',0,1),(75,'菜单管理',68,5,'Menu/index',0,'','系统设置',0,1),(76,'导航管理',68,6,'Channel/index',0,'','系统设置',0,1),(77,'新增',76,0,'Channel/add',0,'','',0,1),(78,'编辑',76,0,'Channel/edit',0,'','',0,1),(79,'删除',76,0,'Channel/del',0,'','',0,1),(80,'分类管理',68,2,'Category/index',0,'','系统设置',0,1),(81,'编辑',80,0,'Category/edit',0,'编辑和保存栏目分类','',0,1),(82,'新增',80,0,'Category/add',0,'新增栏目分类','',0,1),(83,'删除',80,0,'Category/remove',0,'删除栏目分类','',0,1),(84,'移动',80,0,'Category/operate/type/move',0,'移动栏目分类','',0,1),(85,'合并',80,0,'Category/operate/type/merge',0,'合并栏目分类','',0,1),(86,'备份数据库',68,0,'Database/index?type=export',0,'','数据备份',0,1),(87,'备份',86,0,'Database/export',0,'备份数据库','',0,1),(88,'优化表',86,0,'Database/optimize',0,'优化数据表','',0,1),(89,'修复表',86,0,'Database/repair',0,'修复数据表','',0,1),(90,'还原数据库',68,0,'Database/index?type=import',0,'','数据备份',0,1),(91,'恢复',90,0,'Database/import',0,'数据库恢复','',0,1),(92,'删除',90,0,'Database/del',0,'删除备份文件','',0,1),(93,'其他',0,5,'other',1,'','',0,1),(96,'新增',75,0,'Menu/add',0,'','系统设置',0,1),(98,'编辑',75,0,'Menu/edit',0,'','',0,1),(106,'行为日志',16,0,'Action/actionlog',0,'','行为管理',0,1),(108,'修改密码',16,0,'User/updatePassword',1,'','',0,1),(109,'修改昵称',16,0,'User/updateNickname',1,'','',0,1),(110,'查看行为日志',106,0,'action/edit',1,'','',0,1),(112,'新增数据',58,0,'think/add',1,'','',0,1),(113,'编辑数据',58,0,'think/edit',1,'','',0,1),(114,'导入',75,0,'Menu/import',0,'','',0,1),(115,'生成',58,0,'Model/generate',0,'','',0,1),(116,'新增钩子',57,0,'Addons/addHook',0,'','',0,1),(117,'编辑钩子',57,0,'Addons/edithook',0,'','',0,1),(118,'文档排序',3,0,'Article/sort',1,'','',0,1),(119,'排序',70,0,'Config/sort',1,'','',0,1),(120,'排序',75,0,'Menu/sort',1,'','',0,1),(121,'排序',76,0,'Channel/sort',1,'','',0,1),(122,'数据列表',58,0,'think/lists',1,'','',0,1),(123,'审核列表',3,0,'Article/examine',1,'','',0,1);
/*!40000 ALTER TABLE `ypwl_menu` ENABLE KEYS */;

#
# Structure for table "ypwl_model"
#

DROP TABLE IF EXISTS `ypwl_model`;
CREATE TABLE `ypwl_model` (
  `id` int(10) unsigned NOT NULL AUTO_INCREMENT COMMENT '模型ID',
  `name` char(30) NOT NULL DEFAULT '' COMMENT '模型标识',
  `title` char(30) NOT NULL DEFAULT '' COMMENT '模型名称',
  `extend` int(10) unsigned NOT NULL DEFAULT '0' COMMENT '继承的模型',
  `relation` varchar(30) NOT NULL DEFAULT '' COMMENT '继承与被继承模型的关联字段',
  `need_pk` tinyint(1) unsigned NOT NULL DEFAULT '1' COMMENT '新建表时是否需要主键字段',
  `field_sort` text COMMENT '表单字段排序',
  `field_group` varchar(255) NOT NULL DEFAULT '1:基础' COMMENT '字段分组',
  `attribute_list` text COMMENT '属性列表（表的字段）',
  `attribute_alias` varchar(255) NOT NULL DEFAULT '' COMMENT '属性别名定义',
  `template_list` varchar(100) NOT NULL DEFAULT '' COMMENT '列表模板',
  `template_add` varchar(100) NOT NULL DEFAULT '' COMMENT '新增模板',
  `template_edit` varchar(100) NOT NULL DEFAULT '' COMMENT '编辑模板',
  `list_grid` text COMMENT '列表定义',
  `list_row` smallint(2) unsigned NOT NULL DEFAULT '10' COMMENT '列表数据长度',
  `search_key` varchar(50) NOT NULL DEFAULT '' COMMENT '默认搜索字段',
  `search_list` varchar(255) NOT NULL DEFAULT '' COMMENT '高级搜索的字段',
  `create_time` int(10) unsigned NOT NULL DEFAULT '0' COMMENT '创建时间',
  `update_time` int(10) unsigned NOT NULL DEFAULT '0' COMMENT '更新时间',
  `status` tinyint(3) unsigned NOT NULL DEFAULT '0' COMMENT '状态',
  `engine_type` varchar(25) NOT NULL DEFAULT 'MyISAM' COMMENT '数据库引擎',
  PRIMARY KEY (`id`)
) ENGINE=MyISAM AUTO_INCREMENT=8 DEFAULT CHARSET=utf8 COMMENT='文档模型表';

#
# Data for table "ypwl_model"
#

/*!40000 ALTER TABLE `ypwl_model` DISABLE KEYS */;
INSERT INTO `ypwl_model` VALUES (1,'document','基础文档',0,'',1,'{\"1\":[\"1\",\"2\",\"3\",\"4\",\"5\",\"6\",\"7\",\"8\",\"9\",\"10\",\"11\",\"12\",\"13\",\"14\",\"15\",\"16\",\"17\",\"18\",\"19\",\"20\",\"21\",\"22\"]}','1:基础','','','','','','id:编号\r\ntitle:标题:[EDIT]\r\ntype:类型\r\nupdate_time:最后更新\r\nstatus:状态\r\nview:浏览\r\nid:操作:[EDIT]|编辑,[DELETE]|删除',0,'','',1383891233,1384507827,1,'MyISAM'),(2,'article','文章',1,'',1,'{\"1\":[\"3\",\"24\",\"2\",\"5\"],\"2\":[\"9\",\"13\",\"19\",\"10\",\"12\",\"16\",\"17\",\"26\",\"20\",\"14\",\"11\",\"25\"]}','1:基础,2:扩展','','','','','','',0,'','',1383891243,1387260622,1,'MyISAM'),(3,'download','下载',1,'',1,'{\"1\":[\"3\",\"28\",\"30\",\"32\",\"2\",\"5\",\"31\"],\"2\":[\"13\",\"10\",\"27\",\"9\",\"12\",\"16\",\"17\",\"19\",\"11\",\"20\",\"14\",\"29\"]}','1:基础,2:扩展','','','','','','',0,'','',1383891252,1387260449,1,'MyISAM'),(7,'dds','dds',0,'',1,'{\"1\":[\"14\",\"13\",\"12\",\"11\",\"16\",\"17\",\"20\",\"19\",\"10\",\"9\",\"2\",\"66\",\"3\",\"5\",\"65\",\"64\",\"67\",\"68\"]}','1:基础','','','','','','',10,'','',1477755740,1477886315,1,'MyISAM');
/*!40000 ALTER TABLE `ypwl_model` ENABLE KEYS */;

#
# Structure for table "ypwl_picture"
#

DROP TABLE IF EXISTS `ypwl_picture`;
CREATE TABLE `ypwl_picture` (
  `id` int(10) unsigned NOT NULL AUTO_INCREMENT COMMENT '主键id自增',
  `path` varchar(255) NOT NULL DEFAULT '' COMMENT '路径',
  `url` varchar(255) NOT NULL DEFAULT '' COMMENT '图片链接',
  `md5` char(32) NOT NULL DEFAULT '' COMMENT '文件md5',
  `sha1` char(40) NOT NULL DEFAULT '' COMMENT '文件 sha1编码',
  `status` tinyint(2) NOT NULL DEFAULT '0' COMMENT '状态',
  `create_time` int(10) unsigned NOT NULL DEFAULT '0' COMMENT '创建时间',
  PRIMARY KEY (`id`)
) ENGINE=MyISAM DEFAULT CHARSET=utf8;

#
# Data for table "ypwl_picture"
#

/*!40000 ALTER TABLE `ypwl_picture` DISABLE KEYS */;
/*!40000 ALTER TABLE `ypwl_picture` ENABLE KEYS */;

#
# Structure for table "ypwl_ucenter_admin"
#

DROP TABLE IF EXISTS `ypwl_ucenter_admin`;
CREATE TABLE `ypwl_ucenter_admin` (
  `id` int(10) unsigned NOT NULL AUTO_INCREMENT COMMENT '管理员ID',
  `member_id` int(10) unsigned NOT NULL DEFAULT '0' COMMENT '管理员用户ID',
  `status` tinyint(3) unsigned NOT NULL DEFAULT '0' COMMENT '管理员状态',
  PRIMARY KEY (`id`)
) ENGINE=MyISAM DEFAULT CHARSET=utf8 COMMENT='管理员表';

#
# Data for table "ypwl_ucenter_admin"
#

/*!40000 ALTER TABLE `ypwl_ucenter_admin` DISABLE KEYS */;
/*!40000 ALTER TABLE `ypwl_ucenter_admin` ENABLE KEYS */;

#
# Structure for table "ypwl_ucenter_app"
#

DROP TABLE IF EXISTS `ypwl_ucenter_app`;
CREATE TABLE `ypwl_ucenter_app` (
  `id` int(10) unsigned NOT NULL AUTO_INCREMENT COMMENT '应用ID',
  `title` varchar(30) NOT NULL COMMENT '应用名称',
  `url` varchar(100) NOT NULL COMMENT '应用URL',
  `ip` char(15) NOT NULL DEFAULT '' COMMENT '应用IP',
  `auth_key` varchar(100) NOT NULL DEFAULT '' COMMENT '加密KEY',
  `sys_login` tinyint(1) unsigned NOT NULL DEFAULT '0' COMMENT '同步登陆',
  `allow_ip` varchar(255) NOT NULL DEFAULT '' COMMENT '允许访问的IP',
  `create_time` int(10) unsigned NOT NULL DEFAULT '0' COMMENT '创建时间',
  `update_time` int(10) unsigned NOT NULL DEFAULT '0' COMMENT '更新时间',
  `status` tinyint(4) NOT NULL DEFAULT '0' COMMENT '应用状态',
  PRIMARY KEY (`id`),
  KEY `status` (`status`)
) ENGINE=MyISAM DEFAULT CHARSET=utf8 COMMENT='应用表';

#
# Data for table "ypwl_ucenter_app"
#

/*!40000 ALTER TABLE `ypwl_ucenter_app` DISABLE KEYS */;
/*!40000 ALTER TABLE `ypwl_ucenter_app` ENABLE KEYS */;

#
# Structure for table "ypwl_ucenter_member"
#

DROP TABLE IF EXISTS `ypwl_ucenter_member`;
CREATE TABLE `ypwl_ucenter_member` (
  `id` int(10) unsigned NOT NULL AUTO_INCREMENT COMMENT '用户ID',
  `username` char(16) NOT NULL COMMENT '用户名',
  `password` char(32) NOT NULL COMMENT '密码',
  `email` char(32) NOT NULL COMMENT '用户邮箱',
  `mobile` char(15) NOT NULL DEFAULT '' COMMENT '用户手机',
  `reg_time` int(10) unsigned NOT NULL DEFAULT '0' COMMENT '注册时间',
  `reg_ip` bigint(20) NOT NULL DEFAULT '0' COMMENT '注册IP',
  `last_login_time` int(10) unsigned NOT NULL DEFAULT '0' COMMENT '最后登录时间',
  `last_login_ip` bigint(20) NOT NULL DEFAULT '0' COMMENT '最后登录IP',
  `update_time` int(10) unsigned NOT NULL DEFAULT '0' COMMENT '更新时间',
  `status` tinyint(4) DEFAULT '0' COMMENT '用户状态',
  PRIMARY KEY (`id`),
  UNIQUE KEY `username` (`username`),
  UNIQUE KEY `email` (`email`),
  KEY `status` (`status`)
) ENGINE=MyISAM AUTO_INCREMENT=5 DEFAULT CHARSET=utf8 COMMENT='用户表';

#
# Data for table "ypwl_ucenter_member"
#

/*!40000 ALTER TABLE `ypwl_ucenter_member` DISABLE KEYS */;
INSERT INTO `ypwl_ucenter_member` VALUES (1,'admin','bb435e31302a1a15df5d672de51ba73f','admin@qq.com','',1477290758,0,1478521533,2130706433,1478136269,1),(2,'admin2','bb435e31302a1a15df5d672de51ba73f','admin2@qq.com','',1477794363,2130706433,1478430005,2130706433,1478138289,1),(4,'ming123','510139ed8d4be58535d46a38ca684041','admin23@qq.com','',1478139640,2130706433,1478140170,2130706433,1478139640,1);
/*!40000 ALTER TABLE `ypwl_ucenter_member` ENABLE KEYS */;

#
# Structure for table "ypwl_ucenter_setting"
#

DROP TABLE IF EXISTS `ypwl_ucenter_setting`;
CREATE TABLE `ypwl_ucenter_setting` (
  `id` int(10) unsigned NOT NULL AUTO_INCREMENT COMMENT '设置ID',
  `type` tinyint(3) unsigned NOT NULL DEFAULT '0' COMMENT '配置类型（1-用户配置）',
  `value` text NOT NULL COMMENT '配置数据',
  PRIMARY KEY (`id`)
) ENGINE=MyISAM DEFAULT CHARSET=utf8 COMMENT='设置表';

#
# Data for table "ypwl_ucenter_setting"
#

/*!40000 ALTER TABLE `ypwl_ucenter_setting` DISABLE KEYS */;
/*!40000 ALTER TABLE `ypwl_ucenter_setting` ENABLE KEYS */;

#
# Structure for table "ypwl_url"
#

DROP TABLE IF EXISTS `ypwl_url`;
CREATE TABLE `ypwl_url` (
  `id` int(11) unsigned NOT NULL AUTO_INCREMENT COMMENT '链接唯一标识',
  `url` char(255) NOT NULL DEFAULT '' COMMENT '链接地址',
  `short` char(100) NOT NULL DEFAULT '' COMMENT '短网址',
  `status` tinyint(2) NOT NULL DEFAULT '2' COMMENT '状态',
  `create_time` int(10) unsigned NOT NULL DEFAULT '0' COMMENT '创建时间',
  PRIMARY KEY (`id`),
  UNIQUE KEY `idx_url` (`url`)
) ENGINE=MyISAM DEFAULT CHARSET=utf8 COMMENT='链接表';

#
# Data for table "ypwl_url"
#

/*!40000 ALTER TABLE `ypwl_url` DISABLE KEYS */;
/*!40000 ALTER TABLE `ypwl_url` ENABLE KEYS */;

#
# Structure for table "ypwl_userdata"
#

DROP TABLE IF EXISTS `ypwl_userdata`;
CREATE TABLE `ypwl_userdata` (
  `uid` int(10) unsigned NOT NULL COMMENT '用户id',
  `type` tinyint(3) unsigned NOT NULL COMMENT '类型标识',
  `target_id` int(10) unsigned NOT NULL COMMENT '目标id',
  UNIQUE KEY `uid` (`uid`,`type`,`target_id`)
) ENGINE=MyISAM DEFAULT CHARSET=utf8;

#
# Data for table "ypwl_userdata"
#

/*!40000 ALTER TABLE `ypwl_userdata` DISABLE KEYS */;
/*!40000 ALTER TABLE `ypwl_userdata` ENABLE KEYS */;
